temperature,blood_pressure,heart_rate,breathing_rate,vertical_speed,horizontal_speed
36.6,93.0,61.3,24.2,0.2,0.2
37.6,95.0,73.3,13.3,0.6,0.3
37.6,97.0,69.5,6.4,2.3,0.4
37.1,131.0,60.2,1.3,0.2,0.4
37.0,118.0,107.5,11.6,2.1,0.0
37.6,128.0,119.2,20.0,2.8,0.0
36.9,95.0,76.3,17.7,2.8,0.6
37.0,85.0,64.3,25.9,3.2,0.9
35.9,87.0,97.5,20.4,3.3,0.0
36.9,109.0,66.1,11.3,0.1,0.0
35.8,119.0,77.6,23.1,0.5,0.8
37.8,122.0,90.4,8.8,3.4,0.5
36.3,116.0,80.4,9.6,0.3,0.5
37.3,129.0,60.5,12.5,3.2,0.2
36.5,98.0,92.6,21.2,2.2,0.8
36.5,87.0,96.4,16.6,0.9,0.8
37.5,110.0,79.4,6.9,1.1,0.0
37.2,124.0,74.7,18.0,2.4,0.8
36.7,109.0,70.6,3.3,0.4,0.4
35.8,130.0,116.2,13.5,3.1,0.7
37.1,111.0,84.8,20.7,1.8,0.4
36.1,103.0,85.0,1.7,2.3,0.6
36.2,112.0,60.4,9.9,2.3,0.8
36.5,113.0,68.2,16.6,1.5,0.3
37.0,117.0,73.7,16.1,3.9,0.7
36.3,80.0,119.0,20.9,2.1,0.5
36.3,98.0,67.1,15.3,2.2,0.6
37.2,137.0,108.5,16.5,3.0,0.8
36.3,86.0,105.6,1.4,3.5,0.5
36.3,101.0,70.7,0.3,3.8,0.4
37.5,81.0,106.5,3.4,3.2,0.4
37.4,119.0,95.0,4.0,3.5,0.4
37.0,114.0,82.0,16.9,2.5,0.7
37.3,93.0,70.8,10.8,0.5,0.5
36.8,92.0,120.1,21.8,0.0,0.1
35.8,104.0,77.6,24.2,2.8,0.1
36.6,88.0,92.9,16.7,2.1,0.7
37.2,118.0,116.6,18.1,0.9,0.1
36.8,121.0,76.1,0.5,3.0,0.3
37.6,128.0,74.2,18.4,0.6,0.9
36.6,80.0,72.9,11.2,2.0,0.8
37.1,91.0,60.5,8.8,1.2,0.5
36.8,111.0,76.2,6.0,0.2,0.9
36.4,102.0,69.0,0.3,0.5,0.9
37.0,108.0,93.9,22.5,3.0,0.1
36.0,81.0,114.9,2.9,2.6,0.1
37.0,139.0,95.8,7.8,2.7,0.1
36.8,136.0,105.2,9.7,1.8,0.0
37.7,87.0,106.1,23.1,3.4,0.3
37.6,83.0,93.1,23.0,0.0,0.8
36.5,85.0,118.2,21.7,2.5,0.4
36.1,138.0,117.4,13.4,2.4,0.7
37.7,133.0,97.7,16.7,1.4,0.2
37.2,92.0,116.7,14.9,2.8,0.2
37.5,130.0,81.7,19.3,3.4,0.7
36.4,99.0,82.4,13.6,3.8,0.7
35.9,94.0,100.8,24.5,3.7,0.4
37.1,128.0,65.0,13.3,0.6,0.5
37.4,119.0,114.6,24.0,2.5,0.7
37.3,113.0,97.1,13.6,3.4,0.7
37.3,93.0,112.0,20.2,2.4,0.2
37.3,130.0,116.5,15.6,2.1,0.2
37.6,140.0,88.1,20.7,2.6,0.5
37.0,119.0,81.7,12.2,2.3,0.3
36.7,98.0,105.3,13.5,3.2,0.8
37.2,123.0,76.0,13.0,1.2,0.0
35.9,125.0,75.0,8.9,0.1,0.1
37.7,83.0,118.8,12.6,1.5,0.0
37.1,133.0,80.8,0.1,2.8,0.6
36.6,114.0,119.8,25.8,3.4,0.9
37.3,107.0,93.7,17.6,1.9,0.9
36.5,119.0,69.7,9.5,0.3,0.4
36.1,124.0,96.1,24.4,2.9,0.0
36.2,97.0,64.7,7.2,2.1,0.7
36.6,113.0,98.1,18.3,0.0,0.4
36.6,115.0,81.9,19.4,3.7,0.5
36.6,99.0,111.5,25.3,0.8,0.3
36.5,130.0,83.4,7.2,0.8,0.0
36.5,125.0,91.5,25.5,0.3,0.1
36.2,128.0,113.8,18.5,0.6,0.9
36.0,115.0,92.5,6.0,3.7,0.5
37.3,123.0,80.9,3.9,0.6,0.7
36.1,121.0,107.5,24.4,3.9,0.7
36.9,109.0,93.2,17.7,0.3,0.3
36.0,118.0,103.9,17.3,0.7,0.6
37.3,134.0,97.6,24.2,1.6,0.5
35.9,111.0,70.8,20.6,1.3,0.4
36.2,123.0,87.1,15.6,0.9,0.7
37.0,105.0,79.2,7.9,3.4,0.4
36.0,116.0,98.5,17.0,3.0,0.2
37.3,121.0,112.0,21.5,1.3,0.0
36.4,115.0,105.0,4.6,3.6,0.3
35.8,127.0,101.3,19.0,0.4,0.0
37.7,134.0,82.7,25.3,3.0,0.8
35.8,120.0,85.0,16.7,0.3,0.7
36.4,110.0,79.6,19.2,1.6,0.4
36.0,110.0,82.0,7.5,0.7,0.6
36.6,88.0,77.2,19.3,1.7,0.9
36.2,83.0,116.4,25.1,1.2,0.5
36.3,107.0,68.7,23.9,2.8,0.2
36.3,97.0,83.0,0.6,1.0,0.4
36.3,137.0,78.6,20.5,2.7,0.6
37.0,106.0,116.9,18.0,1.5,0.6
36.2,130.0,84.5,7.7,3.6,0.4
37.5,128.0,118.8,2.9,3.6,0.0
36.2,97.0,72.2,11.4,2.9,0.6
37.4,134.0,81.8,14.7,0.2,0.9
36.3,114.0,69.8,23.3,3.6,0.7
36.5,121.0,65.6,3.0,3.4,0.8
36.4,132.0,112.0,20.5,0.5,0.7
36.2,94.0,61.9,17.2,1.1,0.8
36.0,118.0,94.7,18.0,1.3,0.3
37.8,121.0,62.0,23.5,2.4,0.6
36.8,114.0,115.2,23.4,3.5,0.4
36.5,125.0,76.6,18.1,0.4,0.4
36.5,86.0,80.8,19.7,1.2,0.1
37.5,138.0,64.5,4.3,0.4,0.8
37.6,128.0,73.1,1.8,1.4,0.6
36.7,129.0,77.4,13.9,0.5,0.1
37.1,83.0,104.3,9.5,2.7,0.7
37.1,121.0,109.0,13.5,2.6,0.4
36.3,120.0,115.7,6.2,0.8,0.0
35.9,89.0,65.2,25.7,2.5,0.4
37.0,108.0,117.8,18.0,0.9,0.8
37.7,100.0,76.4,17.3,1.0,0.1
37.7,134.0,110.3,19.1,1.8,0.2
36.2,126.0,98.5,21.3,1.6,0.0
37.7,140.0,72.4,6.8,0.8,0.2
36.1,114.0,92.6,23.7,2.9,0.3
37.0,81.0,92.3,25.1,2.2,0.2
36.0,126.0,78.5,1.4,0.3,0.3
36.9,118.0,99.5,25.0,0.6,0.5
36.4,113.0,78.6,10.4,1.6,0.7
37.0,108.0,110.5,15.4,2.2,0.8
37.6,107.0,104.7,20.4,3.4,0.6
36.3,138.0,72.0,15.6,1.8,0.0
36.9,96.0,116.9,9.2,2.9,0.7
37.4,82.0,95.1,11.7,3.0,0.5
37.3,125.0,89.2,23.0,2.9,0.3
36.0,83.0,81.1,0.2,3.4,0.1
35.9,99.0,60.3,4.2,1.5,0.3
36.8,116.0,60.9,13.1,3.2,0.3
36.9,100.0,120.9,15.0,2.2,0.2
36.6,105.0,101.0,23.1,0.7,0.8
37.4,124.0,93.5,15.8,0.3,0.3
37.0,108.0,94.8,16.0,2.5,0.2
36.1,103.0,92.3,18.1,2.0,0.5
36.2,101.0,100.2,16.5,1.2,0.8
36.0,129.0,61.9,14.4,2.1,0.5
36.1,132.0,87.5,1.5,2.2,0.5
37.7,119.0,113.8,4.7,2.2,0.0
37.0,101.0,85.2,8.3,1.1,0.1
35.9,105.0,80.3,8.4,1.2,0.2
36.6,103.0,78.8,15.8,2.9,0.6
37.3,123.0,67.7,4.7,1.5,0.2
36.5,106.0,116.1,11.9,3.1,0.5
35.8,95.0,117.1,22.9,3.1,0.6
36.2,117.0,109.5,5.0,3.1,0.2
36.6,103.0,98.2,14.9,3.8,0.0
36.9,139.0,87.7,3.0,2.1,0.4
36.6,130.0,81.8,3.4,1.6,0.7
37.5,80.0,71.8,12.0,2.1,0.6
36.7,83.0,83.8,6.3,1.4,0.2
37.8,118.0,65.2,21.0,0.0,0.8
36.1,94.0,116.9,5.8,1.6,0.1
37.8,97.0,99.1,5.5,2.8,0.7
36.8,123.0,61.2,17.7,3.7,0.1
37.7,86.0,68.2,0.1,1.2,0.7
37.6,91.0,66.8,18.6,1.6,0.6
36.0,106.0,109.4,23.6,2.2,0.1
37.2,112.0,119.5,4.5,3.8,0.5
36.5,115.0,67.2,14.0,3.1,0.5
36.9,129.0,75.9,1.7,0.9,0.6
36.0,138.0,81.3,16.2,1.8,0.2
37.2,114.0,74.5,25.8,2.4,0.5
37.5,136.0,120.3,21.8,0.0,0.4
35.9,84.0,116.2,7.6,1.7,0.1
37.2,87.0,84.9,2.6,3.1,0.0
37.6,140.0,62.8,12.5,3.9,0.3
36.3,129.0,67.0,6.9,3.7,0.9
36.8,96.0,68.8,9.4,1.8,0.5
36.7,100.0,88.5,3.8,2.6,0.0
37.0,88.0,65.0,24.4,2.1,0.7
36.5,111.0,106.0,7.2,3.4,0.9
36.4,115.0,80.6,2.7,1.3,0.5
36.7,118.0,119.0,25.6,0.3,0.1
36.6,103.0,95.2,11.5,3.1,0.3
37.1,96.0,120.3,23.9,2.6,0.9
36.5,87.0,115.1,0.0,3.4,0.5
36.4,115.0,64.5,7.3,2.8,0.4
36.8,93.0,114.1,23.4,1.9,0.4
36.9,131.0,87.9,14.5,1.2,0.0
37.0,129.0,78.1,6.5,3.2,0.7
36.9,104.0,81.7,21.3,0.6,0.0
37.0,129.0,67.6,19.0,1.7,0.0
36.5,132.0,79.8,13.4,1.6,0.8
37.8,107.0,65.3,9.6,2.6,0.2
37.4,133.0,89.4,4.7,2.8,0.5
36.7,106.0,83.5,4.8,3.7,0.3
37.2,95.0,79.3,17.8,3.2,0.3
37.6,95.0,71.2,5.8,2.4,0.1
37.7,83.0,108.6,15.5,1.1,0.0
37.3,101.0,109.9,0.4,3.6,0.4
36.6,124.0,101.9,10.8,2.8,0.8
37.2,99.0,83.9,13.3,0.1,0.1
35.9,128.0,108.8,3.2,2.6,0.2
37.4,138.0,114.8,4.2,3.0,0.3
37.8,88.0,104.5,15.7,2.8,0.7
37.2,115.0,79.2,2.4,3.5,0.0
37.3,86.0,81.3,19.6,1.2,0.4
36.7,137.0,83.9,13.8,1.7,0.9
37.6,126.0,70.9,19.1,3.0,0.4
36.9,82.0,115.2,15.9,0.0,0.0
35.8,87.0,66.9,21.3,1.1,0.4
37.8,83.0,60.1,0.3,3.7,0.7
36.2,104.0,93.1,3.2,3.1,0.2
35.8,91.0,96.7,16.5,3.2,0.2
36.7,128.0,80.9,21.9,0.1,0.2
37.5,125.0,99.5,23.6,1.3,0.0
36.9,90.0,92.7,18.3,2.1,0.8
36.1,100.0,81.3,14.9,1.7,0.6
37.1,83.0,75.7,1.4,1.2,0.7
37.2,91.0,68.7,14.3,0.6,0.6
37.3,137.0,118.1,8.9,3.2,0.7
37.4,107.0,118.1,24.6,2.8,0.8
36.0,97.0,78.1,9.0,1.4,0.3
37.7,137.0,98.2,16.1,2.0,0.5
36.3,117.0,96.2,5.9,3.9,0.9
37.8,129.0,107.4,12.9,3.4,0.1
37.8,118.0,119.7,19.2,1.3,0.9
35.9,134.0,77.6,11.0,2.3,0.6
37.8,137.0,66.9,14.8,2.2,0.5
36.7,131.0,69.4,21.6,2.7,0.2
37.7,96.0,88.8,12.4,1.1,0.1
35.8,100.0,88.9,7.7,2.9,0.1
35.8,140.0,98.5,17.6,1.2,0.1
36.5,110.0,85.3,4.8,0.3,0.7
36.4,93.0,86.3,7.9,2.9,0.3
37.5,128.0,110.8,4.7,3.4,0.2
36.5,135.0,110.9,3.2,3.8,0.8
37.8,115.0,104.1,19.0,0.2,0.7
37.7,85.0,80.0,11.4,2.2,0.7
37.2,125.0,114.2,10.9,2.9,0.8
37.2,132.0,114.0,18.7,1.4,0.3
36.7,125.0,116.4,12.1,3.3,0.2
37.2,137.0,81.7,10.7,2.6,0.8
36.1,118.0,71.0,8.4,1.3,0.5
36.1,119.0,94.5,15.8,3.6,0.3
35.8,136.0,62.1,6.8,0.2,0.3
37.3,115.0,100.1,20.0,2.3,0.7
37.6,131.0,113.2,13.3,3.7,0.4
37.2,88.0,76.4,10.8,3.4,0.5
36.8,125.0,78.4,21.7,0.2,0.9
37.1,138.0,74.6,13.3,1.6,0.8
35.8,127.0,107.9,2.9,2.8,0.5
37.2,103.0,115.7,10.2,3.2,0.3
36.1,105.0,82.3,8.7,2.0,0.2
35.8,95.0,65.1,3.1,1.4,0.4
37.2,116.0,79.4,13.7,3.1,0.1
37.1,121.0,76.1,25.6,2.6,0.9
37.7,100.0,76.2,3.9,2.2,0.8
37.4,85.0,69.5,3.0,0.0,0.0
36.2,107.0,99.2,22.4,3.7,0.4
36.3,120.0,98.8,24.6,0.7,0.1
35.8,101.0,94.0,8.4,3.0,0.3
37.4,126.0,88.5,21.4,2.1,0.1
36.4,112.0,60.9,23.3,3.2,0.2
37.0,111.0,80.0,24.8,0.5,0.9
37.5,114.0,67.3,21.9,0.5,0.4
36.0,97.0,60.2,17.0,2.5,0.1
37.6,110.0,108.2,25.7,3.6,0.5
36.2,111.0,94.6,17.8,3.2,0.6
37.4,123.0,74.7,14.8,2.7,0.6
37.4,138.0,96.0,25.4,1.2,0.0
36.2,104.0,86.4,14.6,0.1,0.2
36.9,114.0,85.7,24.3,2.8,0.0
37.3,108.0,60.1,2.8,1.1,0.0
36.2,80.0,120.0,25.2,0.5,0.2
37.1,116.0,105.9,22.5,1.1,0.5
35.9,131.0,119.0,2.2,3.3,0.3
35.8,135.0,63.5,18.5,2.6,0.0
37.3,129.0,76.0,17.7,3.9,0.5
37.2,87.0,74.5,13.1,2.1,0.5
36.9,108.0,112.9,21.7,0.5,0.7
36.0,108.0,67.4,7.5,0.9,0.6
36.8,93.0,64.8,5.0,3.1,0.7
37.5,121.0,97.9,19.2,0.0,0.0
36.9,111.0,92.9,16.4,0.3,0.2
37.6,111.0,97.9,22.4,2.5,0.1
36.1,101.0,107.8,22.8,3.2,0.8
37.5,129.0,75.7,7.0,1.5,0.9
37.7,105.0,87.2,12.2,3.4,0.2
36.9,126.0,85.0,3.2,1.3,0.8
37.2,82.0,84.0,12.3,3.8,0.3
37.8,91.0,69.8,11.5,0.7,0.0
37.4,125.0,60.4,23.8,0.9,0.8
37.0,120.0,81.9,20.2,2.9,0.7
36.4,96.0,115.7,18.8,0.2,0.0
37.8,121.0,73.5,3.2,3.2,0.6
37.0,114.0,87.2,0.7,1.8,0.6
37.3,107.0,88.5,5.2,2.8,0.0
37.0,121.0,110.1,7.3,2.7,0.6
36.1,134.0,61.9,19.3,0.9,0.3
37.0,113.0,86.6,14.0,0.5,0.2
37.1,106.0,99.4,23.6,3.7,0.4
36.4,105.0,65.3,15.3,3.0,0.8
37.2,104.0,85.3,25.3,3.6,0.0
36.0,107.0,87.8,2.9,0.9,0.5
36.0,134.0,84.3,24.8,1.6,0.7
36.9,110.0,63.5,13.3,3.1,0.9
37.6,125.0,84.4,11.3,1.7,0.9
36.6,139.0,71.0,25.2,2.8,0.4
36.6,110.0,85.8,13.2,1.4,0.7
35.9,92.0,78.6,3.2,3.1,0.7
36.2,139.0,98.2,13.1,3.7,0.9
36.4,110.0,68.1,7.1,3.5,0.3
37.8,83.0,87.6,8.1,3.5,0.1
37.3,85.0,64.5,7.7,3.9,0.1
36.6,93.0,63.7,3.1,2.1,0.0
37.6,129.0,74.8,23.3,1.7,0.0
36.5,119.0,75.1,3.0,0.8,0.0
37.8,117.0,76.7,9.1,3.3,0.9
37.0,129.0,63.1,21.5,1.4,0.8
35.9,139.0,98.9,18.5,3.5,0.1
36.3,118.0,84.5,11.2,1.4,0.0
36.9,92.0,62.4,15.9,2.1,0.1
36.1,92.0,76.8,1.0,2.4,0.0
36.1,125.0,79.4,15.9,2.7,0.9
37.6,117.0,66.6,1.5,0.1,0.5
37.3,81.0,115.4,25.6,3.5,0.1
37.7,85.0,103.7,22.7,1.1,0.4
37.1,138.0,62.4,11.0,1.1,0.4
36.0,88.0,108.1,21.6,3.2,0.0
37.5,85.0,84.4,14.2,0.5,0.8
35.9,115.0,103.3,21.8,1.3,0.7
36.3,137.0,99.8,18.0,0.4,0.6
37.3,124.0,96.3,25.5,1.1,0.2
37.0,136.0,111.1,16.9,2.3,0.5
36.0,89.0,66.1,16.5,2.1,0.5
37.3,137.0,72.6,8.9,0.4,0.2
36.2,128.0,66.5,5.3,3.5,0.5
36.5,95.0,63.4,3.6,0.6,0.0
37.2,101.0,92.0,20.6,1.8,0.2
37.1,89.0,83.7,10.0,1.6,0.4
35.9,140.0,104.1,15.2,1.3,0.2
37.5,88.0,62.2,24.0,2.3,0.3
36.0,132.0,77.6,2.3,2.2,0.8
37.0,122.0,101.6,13.1,3.0,0.3
36.5,80.0,67.6,25.4,1.4,0.0
35.8,113.0,60.9,20.9,2.4,0.6
36.6,91.0,117.5,20.2,3.8,0.3
37.2,140.0,60.4,24.6,1.1,0.4
36.2,103.0,69.8,4.5,1.6,0.9
37.3,86.0,65.1,21.1,0.5,0.3
37.5,104.0,113.6,24.9,1.7,0.4
36.4,81.0,106.8,16.8,2.5,0.1
35.9,123.0,101.1,21.2,1.0,0.3
37.2,132.0,63.8,5.4,1.2,0.7
36.1,132.0,105.0,15.2,2.2,0.2
36.7,93.0,119.4,6.6,3.1,0.1
36.3,121.0,95.5,1.8,2.0,0.1
37.5,98.0,119.1,14.1,0.2,0.0
36.3,130.0,96.9,24.6,0.9,0.6
37.1,88.0,72.9,14.4,2.6,0.0
36.9,96.0,96.9,7.8,2.8,0.7
36.1,132.0,92.2,22.7,2.4,0.3
35.8,123.0,64.5,18.3,2.8,0.0
36.4,107.0,66.8,2.6,0.0,0.0
37.6,86.0,64.4,16.2,0.6,0.0
36.1,133.0,83.3,4.8,2.7,0.2
36.9,101.0,120.9,14.9,3.2,0.4
37.5,132.0,77.0,19.2,2.1,0.9
36.7,126.0,118.6,13.2,3.3,0.2
37.0,100.0,70.7,5.2,2.5,0.1
36.0,133.0,81.8,9.3,2.3,0.3
36.4,82.0,72.0,3.3,2.2,0.8
37.7,92.0,104.5,25.0,2.6,0.6
37.7,85.0,65.4,8.6,1.1,0.2
36.4,84.0,97.9,3.4,2.7,0.5
35.8,94.0,95.7,16.7,0.1,0.3
37.7,107.0,85.0,13.0,3.2,0.3
36.2,112.0,85.5,4.0,3.7,0.9
37.2,103.0,120.6,11.6,3.4,0.2
36.6,90.0,71.2,4.3,1.6,0.1
37.2,114.0,119.7,11.3,2.7,0.8
37.8,139.0,89.9,22.1,1.2,0.3
37.8,96.0,61.8,5.5,1.7,0.6
36.0,83.0,103.4,12.4,2.8,0.4
36.8,104.0,65.3,24.6,2.4,0.7
36.3,137.0,76.6,6.2,1.8,0.2
37.7,109.0,66.9,20.8,1.9,0.9
36.4,126.0,90.8,9.4,3.0,0.6
36.2,122.0,79.5,4.3,3.0,0.6
36.2,94.0,67.1,2.6,2.8,0.7
37.8,100.0,65.0,14.4,1.3,0.4
37.7,101.0,92.4,25.2,3.4,0.7
37.2,118.0,64.4,15.2,1.0,0.9
36.7,134.0,119.2,9.6,1.9,0.0
36.2,109.0,69.8,23.8,0.1,0.9
37.1,127.0,71.8,24.9,0.5,0.5
37.2,82.0,95.3,20.8,0.7,0.8
37.8,104.0,89.9,17.2,3.7,0.3
37.8,138.0,117.3,13.8,2.5,0.8
37.4,96.0,78.0,16.1,1.2,0.7
36.8,99.0,93.1,25.8,2.2,0.3
37.6,107.0,96.6,24.5,0.8,0.5
37.3,82.0,82.3,24.2,0.1,0.9
37.5,121.0,79.1,8.6,0.8,0.1
36.6,134.0,97.1,11.9,3.0,0.9
36.3,106.0,112.4,23.6,3.9,0.9
35.8,123.0,108.2,21.4,3.8,0.5
36.6,128.0,63.1,15.1,2.4,0.0
37.7,118.0,99.9,15.2,3.9,0.0
36.2,90.0,101.2,8.7,3.2,0.7
37.1,80.0,86.9,2.3,0.9,0.9
36.4,128.0,114.9,5.7,3.7,0.3
36.1,140.0,62.2,24.2,1.9,0.9
36.4,128.0,68.0,5.9,0.2,0.1
37.7,128.0,106.4,8.1,3.1,0.1
37.4,140.0,104.0,12.4,1.4,0.1
36.5,119.0,120.5,21.9,2.9,0.4
37.7,104.0,76.1,13.9,1.1,0.2
37.8,94.0,82.0,3.5,2.5,0.7
35.8,85.0,106.8,18.8,1.9,0.6
37.1,98.0,102.9,20.2,0.7,0.9
37.0,124.0,77.7,12.8,0.2,0.5
36.7,87.0,86.5,24.6,3.8,0.6
37.3,110.0,64.0,21.9,1.4,0.1
36.9,132.0,95.9,23.8,1.8,0.2
36.6,110.0,65.2,23.3,3.1,0.0
37.8,137.0,102.0,6.6,3.3,0.9
37.4,132.0,82.7,4.8,1.9,0.5
36.3,130.0,84.3,0.6,3.2,0.8
36.9,109.0,118.3,17.3,3.5,0.0
37.7,137.0,89.6,11.2,2.2,0.7
35.9,122.0,101.2,15.5,2.0,0.4
37.6,81.0,101.6,19.8,0.6,0.4
36.3,118.0,85.7,1.1,3.9,0.0
36.3,99.0,62.5,14.6,0.4,0.6
36.8,88.0,105.3,22.1,1.3,0.1
36.9,137.0,61.3,11.7,0.6,0.8
35.9,104.0,66.3,24.9,1.6,0.1
36.1,127.0,87.9,20.3,3.7,0.6
36.0,125.0,105.1,21.2,3.8,0.9
35.8,102.0,111.8,24.6,2.1,0.7
36.0,123.0,74.4,6.4,2.4,0.0
36.0,120.0,66.4,8.9,3.9,0.3
36.4,93.0,108.9,21.4,1.7,0.2
36.0,98.0,90.5,5.6,3.0,0.1
37.7,125.0,73.6,19.3,3.7,0.1
36.3,90.0,71.6,1.5,2.5,0.0
36.0,113.0,64.1,7.8,3.9,0.9
36.1,118.0,71.9,11.4,1.9,0.9
35.8,100.0,113.6,10.8,2.7,0.8
37.4,109.0,73.2,21.3,2.5,0.6
36.5,80.0,71.9,2.9,0.4,0.7
36.2,100.0,73.4,18.4,0.7,0.2
37.4,110.0,65.8,13.9,2.2,0.9
35.9,131.0,113.8,17.4,3.5,0.5
36.8,105.0,81.2,15.5,1.8,0.6
36.6,81.0,60.1,21.9,2.8,0.1
36.7,95.0,117.9,14.8,0.8,0.1
36.5,130.0,93.9,22.3,2.7,0.3
37.8,127.0,109.9,22.1,0.7,0.2
36.1,87.0,72.3,19.8,0.6,0.4
36.7,138.0,95.5,20.1,3.9,0.2
36.2,111.0,72.9,14.2,2.1,0.9
37.7,133.0,60.2,16.6,0.7,0.3
36.1,88.0,65.2,3.6,1.3,0.9
37.7,126.0,60.2,25.6,0.6,0.8
36.0,82.0,73.8,7.4,3.6,0.3
36.8,80.0,86.7,21.9,0.8,0.3
36.0,132.0,107.7,24.7,2.3,0.8
37.8,91.0,67.1,4.8,1.5,0.0
36.9,134.0,113.3,22.3,2.9,0.3
37.0,109.0,104.2,14.8,2.3,0.1
37.4,124.0,114.5,3.9,3.5,0.9
36.2,121.0,86.3,2.3,2.5,0.2
35.9,131.0,83.5,18.4,1.3,0.1
37.1,129.0,78.8,6.5,0.4,0.4
35.8,97.0,117.7,14.2,0.6,0.2
37.3,88.0,69.0,6.0,3.8,0.8
37.8,98.0,97.7,11.5,1.6,0.1
36.2,135.0,85.4,20.0,2.6,0.7
36.3,122.0,110.1,22.9,1.8,0.2
36.7,112.0,74.9,24.9,1.9,0.3
37.6,83.0,72.3,15.7,3.7,0.5
36.1,94.0,101.2,21.1,0.4,0.6
37.4,101.0,110.4,18.5,3.8,0.5
36.8,133.0,100.8,18.0,2.9,0.7
37.2,127.0,76.9,19.6,1.4,0.1
37.4,96.0,69.5,11.6,0.1,0.7
37.8,82.0,63.4,2.9,3.0,0.2
37.5,133.0,69.5,20.4,1.8,0.8
37.5,96.0,82.5,15.5,1.9,0.6
36.0,139.0,119.0,20.8,2.7,0.4
37.0,132.0,72.4,14.9,3.9,0.2
36.7,117.0,70.0,9.9,2.1,0.1
37.5,122.0,98.7,15.5,3.6,0.8
36.4,135.0,111.7,7.9,3.0,0.2
36.2,106.0,84.7,16.6,0.6,0.8
36.7,102.0,71.2,8.5,3.7,0.7
36.3,90.0,78.7,2.8,0.8,0.8
36.3,86.0,114.8,12.6,3.9,0.6
36.0,88.0,93.1,22.1,2.6,0.7
36.0,132.0,93.1,14.3,1.6,0.6
37.8,100.0,113.7,23.6,3.4,0.4
36.9,121.0,68.5,5.8,2.4,0.6
36.9,132.0,74.8,11.6,0.8,0.0
36.4,137.0,67.8,25.9,3.3,0.8
37.0,132.0,85.9,25.0,1.2,0.9
37.5,89.0,85.7,23.4,3.7,0.7
36.2,94.0,83.6,1.6,0.8,0.6
36.1,89.0,62.4,12.3,2.8,0.2
36.5,129.0,89.3,23.8,2.1,0.3
37.1,132.0,100.8,19.4,2.0,0.9
36.9,102.0,106.0,4.4,3.2,0.8
36.9,128.0,114.9,23.3,1.5,0.3
36.4,131.0,76.7,1.3,2.0,0.2
35.8,138.0,106.9,9.2,3.8,0.9
35.9,125.0,64.7,18.7,1.3,0.8
36.6,133.0,108.9,14.4,1.6,0.0
36.9,84.0,68.6,21.9,3.6,0.7
36.9,105.0,110.4,22.4,3.6,0.5
37.3,109.0,61.4,9.4,1.1,0.2
37.5,92.0,104.6,25.7,0.7,0.3
36.1,140.0,110.1,17.6,0.7,0.9
37.5,102.0,66.6,0.3,0.3,0.3
37.5,115.0,71.6,5.0,2.3,0.7
37.2,112.0,61.3,24.5,1.1,0.2
36.5,83.0,105.8,19.7,3.2,0.9
36.1,90.0,75.0,16.0,1.0,0.5
37.7,87.0,101.6,23.8,3.4,0.7
37.1,115.0,111.9,1.6,3.1,0.7
35.9,84.0,72.5,10.8,3.4,0.6
37.7,133.0,79.7,18.5,3.5,0.7
36.5,93.0,79.2,7.4,3.7,0.2
36.2,106.0,102.0,9.2,2.6,0.3
37.8,101.0,86.6,0.1,3.0,0.9
36.2,129.0,117.0,11.3,3.6,0.9
37.8,109.0,83.2,17.1,1.5,0.1
37.7,85.0,114.2,9.1,2.5,0.7
36.3,114.0,106.9,3.4,2.7,0.2
36.9,104.0,73.0,5.0,1.5,0.1
37.0,123.0,110.6,9.4,2.5,0.6
36.7,121.0,79.7,16.7,2.5,0.8
36.2,99.0,105.7,8.9,2.8,0.6
36.3,84.0,84.3,3.9,2.4,0.9
37.3,106.0,85.1,1.5,3.8,0.1
37.6,104.0,77.3,18.6,1.1,0.2
36.1,138.0,80.0,15.0,3.5,0.2
36.2,104.0,71.6,8.7,3.8,0.4
37.2,133.0,114.3,6.5,1.0,0.0
36.0,83.0,120.0,25.4,2.2,0.2
36.7,103.0,60.0,6.2,2.7,0.7
37.5,129.0,68.3,4.7,2.4,0.8
35.8,85.0,91.4,9.9,2.2,0.4
37.1,104.0,60.7,10.6,1.2,0.3
36.4,94.0,80.2,19.5,2.8,0.6
35.9,91.0,60.1,24.4,2.6,0.3
36.8,119.0,108.1,24.5,1.5,0.9
36.7,93.0,104.4,13.9,2.1,0.1
37.8,132.0,65.1,11.0,3.8,0.6
35.9,94.0,99.8,7.3,3.1,0.3
35.9,107.0,102.6,3.5,3.9,0.7
37.0,102.0,61.5,10.0,1.5,0.2
37.3,123.0,87.8,21.1,2.4,0.5
37.0,96.0,92.9,5.5,2.8,0.3
36.9,85.0,99.9,2.8,3.0,0.2
36.4,119.0,82.2,19.4,2.3,0.1
37.5,113.0,102.9,23.7,0.5,0.1
37.7,92.0,63.0,18.0,1.1,0.9
36.7,92.0,111.4,14.8,0.3,0.1
36.2,84.0,67.5,4.4,3.9,0.8
37.1,121.0,77.8,4.8,2.0,0.5
37.7,108.0,105.0,19.4,1.5,0.2
36.1,84.0,62.8,18.4,0.2,0.5
35.9,102.0,60.6,8.5,3.5,0.1
36.2,93.0,99.2,23.9,3.9,0.8
37.4,82.0,65.8,14.9,3.4,0.4
37.3,124.0,68.5,24.6,2.1,0.3
37.3,83.0,105.4,4.7,3.5,0.3
37.4,117.0,83.6,1.4,0.9,0.4
37.1,138.0,109.1,8.8,0.8,0.0
37.5,86.0,74.6,14.2,3.8,0.2
36.5,105.0,61.4,0.5,1.9,0.3
37.8,87.0,60.4,16.9,0.0,0.5
35.8,126.0,68.2,20.8,0.7,0.7
37.7,121.0,98.3,3.2,2.9,0.3
36.2,89.0,81.8,6.8,1.2,0.1
36.9,102.0,102.2,23.5,1.2,0.5
36.8,115.0,95.2,23.6,2.3,0.9
36.7,128.0,105.6,14.3,3.0,0.3
37.6,129.0,90.9,25.3,2.2,0.4
37.5,108.0,105.3,25.4,0.7,0.0
37.5,129.0,67.2,10.3,2.3,0.4
36.7,124.0,113.4,2.7,3.6,0.4
37.5,133.0,108.7,7.4,2.7,0.0
37.7,104.0,70.8,5.3,0.7,0.1
37.1,86.0,70.5,2.8,3.6,0.0
37.8,123.0,69.7,16.4,0.0,0.7
37.0,125.0,71.5,15.9,3.2,0.1
36.2,123.0,96.7,25.2,2.2,0.4
37.6,88.0,61.1,10.7,0.8,0.2
37.4,95.0,85.0,25.2,0.9,0.3
36.2,128.0,113.6,10.1,3.5,0.4
36.2,86.0,120.3,22.3,3.3,0.9
36.1,107.0,88.8,9.3,3.3,0.5
37.6,97.0,77.6,15.1,3.7,0.7
36.1,125.0,105.9,24.6,2.5,0.5
35.9,98.0,94.9,19.0,3.9,0.6
37.1,107.0,75.4,25.6,3.6,0.5
36.9,88.0,86.7,10.9,1.5,0.1
37.0,111.0,66.8,8.8,1.1,0.2
37.5,105.0,99.1,25.6,0.2,0.4
37.5,104.0,109.1,15.4,3.2,0.4
36.7,85.0,61.7,7.4,0.1,0.3
37.6,100.0,60.6,24.0,0.0,0.5
36.6,125.0,90.4,13.0,3.0,0.9
36.5,109.0,109.1,20.8,2.6,0.9
36.2,122.0,71.9,19.3,0.2,0.0
37.2,134.0,61.4,13.1,2.8,0.1
35.8,102.0,65.6,10.3,0.7,0.0
36.0,105.0,68.5,8.9,1.9,0.6
37.8,138.0,82.6,20.7,0.7,0.6
37.0,122.0,79.9,22.5,0.0,0.7
37.3,101.0,100.8,4.8,2.1,0.0
36.1,89.0,77.5,25.6,1.0,0.7
37.4,136.0,105.9,11.1,0.2,0.0
37.8,115.0,103.9,10.2,0.4,0.0
36.1,99.0,67.3,16.9,2.4,0.3
36.1,81.0,102.4,15.3,1.3,0.0
36.2,128.0,102.5,24.1,0.2,0.4
36.1,80.0,60.1,8.0,0.7,0.7
36.7,130.0,90.1,17.3,1.3,0.6
37.5,92.0,61.1,4.0,2.3,0.0
36.4,81.0,84.0,12.6,2.0,0.3
36.3,98.0,98.2,20.3,0.3,0.0
36.9,86.0,114.3,23.6,0.7,0.8
36.7,118.0,115.8,21.2,0.0,0.6
35.8,139.0,95.2,24.4,0.0,0.7
36.4,133.0,65.3,0.0,3.0,0.0
36.9,94.0,75.9,17.0,0.4,0.7
35.9,98.0,120.1,25.1,2.7,0.2
36.8,108.0,71.4,9.9,2.2,0.0
35.9,124.0,94.8,18.6,2.1,0.4
36.4,102.0,78.3,23.1,3.3,0.7
36.0,136.0,78.8,20.6,1.8,0.7
37.7,107.0,75.6,3.6,3.8,0.4
36.0,130.0,99.3,14.2,1.0,0.5
37.1,86.0,64.3,7.9,2.7,0.7
36.3,97.0,109.8,22.3,2.7,0.3
36.1,112.0,87.6,5.6,0.4,0.6
37.4,95.0,105.9,20.7,2.8,0.9
37.1,123.0,66.7,11.1,2.3,0.3
36.1,117.0,104.0,9.7,3.4,0.8
36.3,132.0,86.3,8.9,2.2,0.5
37.4,125.0,104.2,22.9,3.0,0.8
37.7,130.0,93.8,20.1,3.9,0.4
37.1,118.0,68.0,21.2,1.4,0.1
36.2,104.0,115.1,23.8,1.3,0.4
36.7,134.0,103.5,25.5,1.5,0.1
35.8,130.0,93.3,15.6,0.7,0.2
35.9,133.0,83.8,13.1,0.7,0.4
37.3,92.0,91.3,21.3,1.1,0.3
36.9,93.0,65.7,16.1,0.4,0.6
36.9,122.0,72.5,23.6,2.5,0.3
37.5,115.0,106.9,5.6,3.5,0.7
37.1,118.0,82.5,4.1,0.2,0.2
35.9,84.0,67.1,14.5,1.6,0.3
36.2,122.0,115.8,21.7,1.2,0.4
36.4,108.0,71.8,9.9,2.7,0.2
36.0,80.0,72.5,9.3,1.5,0.2
36.6,88.0,96.5,22.3,0.7,0.1
36.3,123.0,69.8,11.9,1.6,0.7
36.2,140.0,77.3,10.7,0.3,0.9
36.2,87.0,60.4,22.9,2.3,0.0
36.4,101.0,113.5,17.6,1.4,0.2
37.1,129.0,78.9,10.7,1.0,0.8
35.8,100.0,84.1,13.6,2.8,0.2
36.9,118.0,66.9,24.1,1.1,0.6
36.2,132.0,104.7,16.0,1.2,0.3
36.9,83.0,87.2,25.5,2.9,0.5
37.5,117.0,120.5,22.3,1.8,0.2
37.8,120.0,78.9,14.8,1.4,0.2
37.5,134.0,96.9,22.2,3.4,0.8
37.8,113.0,82.9,7.7,1.5,0.5
36.9,109.0,70.5,18.0,3.2,0.4
36.4,107.0,103.9,3.4,2.7,0.1
37.0,138.0,62.7,17.0,0.8,0.0
37.0,99.0,84.6,11.2,1.0,0.5
36.8,87.0,88.2,3.8,2.1,0.7
37.3,91.0,105.4,17.2,2.3,0.8
37.3,133.0,100.2,18.4,1.5,0.8
37.3,89.0,65.1,2.7,0.6,0.7
36.4,100.0,93.7,22.3,2.5,0.8
37.1,127.0,116.6,17.4,0.0,0.3
35.8,127.0,64.9,18.2,1.3,0.6
36.1,98.0,120.5,20.4,0.4,0.6
37.0,112.0,74.6,15.3,3.9,0.5
36.5,125.0,105.8,22.6,2.1,0.6
36.1,137.0,90.5,22.8,2.2,0.9
36.6,127.0,61.4,15.0,1.6,0.5
37.6,118.0,92.0,1.8,3.5,0.8
37.8,119.0,80.6,7.6,3.8,0.7
37.3,115.0,102.1,21.0,3.5,0.9
37.7,109.0,75.9,5.4,2.4,0.6
37.1,98.0,79.6,21.8,3.6,0.1
36.6,125.0,82.8,20.4,2.4,0.4
36.6,115.0,76.7,22.9,0.0,0.2
36.8,93.0,109.8,11.5,3.6,0.1
37.5,105.0,120.2,17.9,1.6,0.1
36.2,90.0,110.3,21.6,3.8,0.4
36.0,126.0,68.1,25.0,3.2,0.2
36.7,130.0,74.4,13.7,3.9,0.3
37.2,121.0,99.5,24.7,3.2,0.1
36.9,83.0,83.9,9.3,2.8,0.8
36.2,124.0,64.8,2.5,3.8,0.7
36.1,128.0,97.9,20.6,1.4,0.1
37.7,101.0,101.9,10.3,3.0,0.3
36.4,117.0,71.3,5.7,2.9,0.0
36.2,139.0,70.8,17.7,0.9,0.7
35.9,121.0,66.6,24.6,1.7,0.4
35.8,112.0,79.5,8.9,0.7,0.9
35.8,117.0,67.6,22.7,3.0,0.6
36.1,128.0,80.0,2.5,3.8,0.5
36.8,117.0,76.3,4.2,2.5,0.1
36.8,121.0,64.7,10.2,3.6,0.8
36.1,98.0,63.7,23.4,3.5,0.0
36.3,92.0,87.6,15.1,1.7,0.0
35.8,83.0,96.2,8.8,2.4,0.9
37.7,130.0,76.2,19.1,1.1,0.6
37.4,131.0,94.3,17.2,3.4,0.6
36.1,80.0,70.0,9.6,1.3,0.2
37.5,119.0,98.9,18.7,2.8,0.7
36.4,121.0,100.1,6.1,3.9,0.6
36.7,124.0,88.0,12.0,2.5,0.9
36.0,138.0,88.6,21.3,1.0,0.8
37.2,129.0,81.1,16.5,3.2,0.8
37.7,82.0,60.0,11.0,2.3,0.7
37.1,140.0,104.6,19.6,3.9,0.1
36.8,116.0,92.6,18.5,2.9,0.7
37.7,120.0,105.3,23.9,0.7,0.8
37.2,106.0,89.9,13.5,1.8,0.6
37.2,93.0,104.1,25.3,0.2,0.1
36.3,132.0,102.6,13.5,2.2,0.7
36.6,134.0,63.2,13.6,3.1,0.8
36.1,107.0,79.5,3.7,0.4,0.3
36.6,87.0,82.6,22.4,3.8,0.4
35.8,97.0,112.1,10.4,2.0,0.7
35.8,80.0,103.4,18.1,2.2,0.1
37.8,122.0,65.1,5.8,3.2,0.9
37.6,97.0,70.3,24.5,1.8,0.3
36.7,113.0,104.7,24.6,2.1,0.6
36.0,129.0,67.4,22.5,0.1,0.2
36.8,127.0,98.5,16.6,3.0,0.1
36.4,112.0,94.4,18.3,2.6,0.4
37.6,81.0,62.6,12.7,0.4,0.3
37.0,110.0,106.6,15.2,0.4,0.0
37.7,104.0,76.4,13.2,2.2,0.4
37.8,139.0,108.8,19.9,1.0,0.7
36.6,117.0,65.3,21.5,0.5,0.3
37.7,99.0,82.9,9.5,2.3,0.4
36.3,81.0,101.6,11.2,2.8,0.7
36.6,139.0,60.8,10.1,1.2,0.8
35.9,81.0,66.3,14.6,2.7,0.0
36.8,115.0,69.3,16.8,2.3,0.6
36.8,126.0,110.2,9.4,1.8,0.1
37.7,85.0,111.1,17.4,2.4,0.9
36.5,96.0,83.0,2.3,0.6,0.5
36.0,116.0,68.4,13.8,1.3,0.4
37.2,103.0,74.8,17.4,0.5,0.6
36.5,94.0,110.2,15.0,0.5,0.1
37.1,119.0,84.1,19.4,3.2,0.7
37.8,137.0,85.2,20.8,3.2,0.1
37.1,83.0,105.6,24.6,1.5,0.5
36.5,81.0,102.6,12.5,0.9,0.1
37.7,101.0,96.7,25.2,0.6,0.6
36.6,126.0,83.9,11.4,3.6,0.0
36.0,81.0,117.4,25.3,0.7,0.1
36.8,138.0,116.4,15.3,1.9,0.1
35.9,94.0,81.4,4.3,0.4,0.9
36.9,104.0,95.2,17.6,1.3,0.5
36.5,119.0,106.0,24.7,0.6,0.9
36.5,108.0,112.2,4.7,2.9,0.6
36.0,132.0,67.9,5.9,1.8,0.8
37.2,139.0,83.0,3.9,1.0,0.4
36.5,84.0,61.1,10.0,0.0,0.0
36.9,111.0,80.2,9.0,1.9,0.2
36.5,120.0,93.8,6.2,2.5,0.0
37.1,108.0,61.9,25.7,3.2,0.4
36.5,110.0,78.4,19.8,1.5,0.4
36.9,102.0,61.8,11.6,0.3,0.4
37.6,112.0,60.7,1.7,1.6,0.4
37.2,118.0,77.0,9.4,0.3,0.0
36.6,113.0,87.8,22.6,0.8,0.0
36.5,89.0,108.8,15.9,3.0,0.8
36.0,109.0,85.1,1.4,1.7,0.3
37.7,130.0,84.8,2.4,0.0,0.2
36.1,96.0,100.7,6.6,3.3,0.8
36.2,96.0,63.9,19.4,1.5,0.2
36.9,88.0,99.8,3.0,3.0,0.3
37.1,130.0,73.8,4.7,2.7,0.6
36.1,97.0,117.5,23.8,0.5,0.8
37.4,105.0,99.1,17.7,3.9,0.9
37.0,124.0,69.8,7.4,2.5,0.2
36.1,101.0,91.1,23.5,1.5,0.2
36.2,121.0,116.8,15.3,2.6,0.1
36.2,127.0,78.8,23.7,2.8,0.2
36.3,110.0,109.3,25.8,0.5,0.2
37.0,80.0,60.8,17.3,2.3,0.9
35.9,133.0,79.5,16.4,2.5,0.9
37.2,106.0,111.8,22.5,3.5,0.7
36.9,94.0,110.8,15.3,2.6,0.8
36.2,106.0,104.2,10.1,3.9,0.1
36.8,130.0,68.0,14.8,1.8,0.7
36.4,138.0,69.5,3.8,0.7,0.2
35.9,90.0,67.8,3.7,0.5,0.9
36.6,119.0,107.4,9.2,2.7,0.3
36.5,125.0,68.5,25.4,3.9,0.0
36.3,120.0,91.3,24.7,0.3,0.7
36.0,121.0,65.4,23.4,0.9,0.5
36.5,131.0,86.5,20.1,3.3,0.1
37.0,129.0,89.8,25.2,1.9,0.4
36.7,137.0,65.0,13.3,3.1,0.8
37.3,119.0,89.3,5.3,0.0,0.8
35.8,102.0,62.7,16.2,1.2,0.6
36.6,106.0,69.9,20.7,3.8,0.2
37.2,92.0,91.9,17.1,2.5,0.8
36.3,127.0,82.5,14.6,2.9,0.9
35.9,114.0,73.5,3.7,1.3,0.3
37.2,107.0,114.0,9.8,2.8,0.8
37.3,117.0,116.0,12.3,1.0,0.1
37.0,98.0,74.8,10.9,3.5,0.4
36.2,109.0,104.8,14.0,0.7,0.0
37.6,119.0,70.5,7.1,1.4,0.7
37.3,129.0,68.4,2.2,2.4,0.3
37.2,118.0,100.4,9.4,2.8,0.8
36.5,105.0,77.3,13.2,3.2,0.2
36.5,81.0,73.9,5.3,1.8,0.1
37.7,85.0,117.7,16.3,2.8,0.2
37.6,108.0,117.9,5.8,3.9,0.3
36.7,132.0,109.3,8.4,3.5,0.1
36.4,83.0,63.9,14.4,2.5,0.4
37.4,133.0,78.9,8.2,3.4,0.2
36.8,88.0,76.5,5.9,0.8,0.4
37.4,100.0,65.5,2.9,0.0,0.9
36.7,108.0,70.8,5.9,2.1,0.8
37.2,114.0,116.2,18.5,2.6,0.3
37.0,124.0,64.1,0.2,2.4,0.8
36.3,95.0,72.8,14.5,2.2,0.3
37.1,100.0,77.0,19.5,2.4,0.6
37.5,130.0,60.8,24.3,2.8,0.2
36.7,96.0,73.8,20.1,3.3,0.3
37.7,106.0,100.8,20.6,0.2,0.7
37.3,80.0,106.0,25.1,0.6,0.2
36.1,118.0,102.3,4.3,2.8,0.3
36.7,100.0,79.0,24.4,3.3,0.7
36.3,103.0,106.3,9.5,3.2,0.0
35.9,126.0,99.3,14.5,1.4,0.9
37.0,124.0,75.6,8.7,3.2,0.1
36.7,91.0,116.5,25.9,0.9,0.4
36.9,92.0,103.1,22.9,3.7,0.2
36.7,119.0,90.4,11.9,3.1,0.6
36.8,90.0,73.7,18.5,0.6,0.7
36.2,123.0,68.9,2.4,1.3,0.2
35.9,119.0,71.3,14.8,0.6,0.5
37.5,81.0,62.2,25.0,1.4,0.9
36.6,93.0,63.8,16.1,0.4,0.5
37.5,111.0,60.8,3.8,2.8,0.6
36.4,132.0,82.4,7.1,1.8,0.3
37.2,128.0,103.4,17.4,0.7,0.8
36.7,134.0,62.8,8.6,1.6,0.3
36.7,131.0,69.1,6.8,3.5,0.5
36.1,114.0,68.7,1.2,2.1,0.0
36.8,95.0,77.7,19.8,0.8,0.1
37.3,121.0,75.0,1.6,2.2,0.0
36.6,133.0,91.2,16.8,3.7,0.7
36.6,126.0,76.0,18.3,3.5,0.2
36.8,121.0,71.5,20.2,0.4,0.5
37.4,136.0,120.3,9.8,2.7,0.8
37.7,92.0,82.0,6.3,1.8,0.6
37.6,80.0,88.4,24.6,2.1,0.2
37.0,116.0,62.6,16.5,3.5,0.4
37.3,138.0,81.2,23.6,3.1,0.2
35.9,137.0,61.9,0.5,0.4,0.2
37.1,87.0,76.9,15.1,1.9,0.9
36.7,96.0,61.1,18.7,2.6,0.1
36.5,117.0,83.5,18.7,3.0,0.4
37.2,101.0,83.6,3.2,3.5,0.6
35.8,103.0,69.0,22.6,0.1,0.5
36.0,106.0,84.7,15.6,3.3,0.8
36.9,103.0,88.7,21.7,3.8,0.4
35.9,135.0,108.8,25.8,3.5,0.9
35.8,136.0,96.2,17.6,2.5,0.4
37.8,135.0,83.4,21.0,0.3,0.8
37.0,84.0,68.3,8.8,2.6,0.3
37.5,87.0,91.8,15.1,1.8,0.2
37.6,117.0,87.7,10.2,3.2,0.6
36.8,109.0,92.0,19.4,1.4,0.8
36.9,111.0,115.9,3.8,2.8,0.2
37.1,133.0,98.1,7.2,1.3,0.0
37.1,121.0,72.5,14.0,2.6,0.3
36.1,125.0,62.1,0.5,3.4,0.1
37.3,107.0,120.9,16.4,2.1,0.3
35.8,82.0,97.8,12.3,1.8,0.0
36.0,101.0,101.8,10.5,1.8,0.3
37.3,105.0,87.9,23.7,0.9,0.9
37.3,80.0,96.3,16.0,1.7,0.5
37.6,108.0,68.6,22.9,1.1,0.9
36.4,82.0,84.0,8.8,1.1,0.9
36.2,89.0,107.4,20.6,1.8,0.8
36.4,99.0,94.9,14.5,3.3,0.5
36.7,110.0,111.5,5.5,3.3,0.9
37.0,84.0,119.9,7.2,2.7,0.4
35.8,107.0,60.4,16.6,2.6,0.0
37.4,84.0,92.7,13.3,3.8,0.5
37.4,82.0,78.8,6.2,3.8,0.9
35.8,97.0,86.7,23.5,3.1,0.7
36.9,139.0,72.5,21.4,3.3,0.2
36.7,110.0,79.7,1.3,2.5,0.9
36.0,116.0,101.9,16.0,1.7,0.6
37.5,118.0,89.6,6.6,3.8,0.7
36.0,121.0,80.9,14.1,3.9,0.7
37.8,135.0,109.5,23.1,2.7,0.9
37.0,138.0,91.5,1.8,1.8,0.0
37.6,98.0,73.0,22.9,1.9,0.3
37.3,98.0,81.3,13.5,2.2,0.7
36.1,102.0,75.7,25.7,0.1,0.1
36.7,131.0,74.4,9.0,2.3,0.7
37.0,112.0,66.4,14.1,0.4,0.4
37.4,113.0,61.2,0.7,1.1,0.7
37.5,124.0,61.6,15.7,0.3,0.6
37.5,136.0,85.6,0.7,1.4,0.7
37.8,126.0,70.2,9.7,1.8,0.9
37.2,119.0,91.5,18.8,0.7,0.9
35.8,107.0,90.7,11.9,0.5,0.4
37.8,134.0,118.1,17.0,2.2,0.9
36.0,84.0,119.6,13.4,2.0,0.1
37.5,129.0,104.3,13.0,3.4,0.4
36.0,133.0,94.9,24.4,1.0,0.2
36.3,99.0,66.6,13.3,2.9,0.5
36.8,87.0,103.5,10.8,3.5,0.2
37.5,86.0,81.5,19.8,2.3,0.5
37.0,97.0,66.0,12.7,0.1,0.0
37.3,132.0,70.4,13.8,0.9,0.6
37.0,93.0,65.5,11.3,3.4,0.3
37.7,118.0,116.8,22.8,1.0,0.6
37.3,128.0,111.5,25.4,3.5,0.8
37.5,116.0,88.5,8.5,2.1,0.2
36.1,113.0,95.9,19.9,0.7,0.1
37.7,91.0,71.4,12.8,1.0,0.0
36.7,99.0,70.9,25.4,0.2,0.5
37.3,82.0,71.8,22.1,1.1,0.6
37.8,116.0,86.0,2.3,3.1,0.3
36.8,99.0,108.4,20.9,1.7,0.0
37.1,134.0,120.0,20.7,0.4,0.8
37.2,94.0,65.2,21.7,3.7,0.0
36.5,112.0,71.8,22.1,1.1,0.9
36.3,132.0,100.0,4.2,0.9,0.0
37.4,126.0,75.4,11.2,2.4,0.6
36.1,91.0,84.9,13.0,0.8,0.0
37.2,117.0,63.5,23.1,2.3,0.2
36.4,132.0,107.2,24.4,3.4,0.3
37.1,106.0,83.5,16.4,0.7,0.6
36.7,109.0,108.9,7.1,3.4,0.0
37.3,113.0,82.1,19.6,3.8,0.3
37.1,94.0,87.4,25.0,2.2,0.4
37.5,118.0,82.0,10.7,3.3,0.3
36.4,93.0,77.8,21.4,3.3,0.9
37.1,140.0,108.6,21.0,3.1,0.0
37.5,85.0,104.6,6.2,1.9,0.1
36.8,84.0,69.5,18.1,1.2,0.2
36.9,120.0,84.3,12.0,1.6,0.5
36.8,122.0,81.1,24.3,0.8,0.5
36.6,80.0,76.8,4.0,3.7,0.9
37.5,140.0,91.5,16.6,1.5,0.7
37.0,139.0,85.5,20.3,2.7,0.2
37.7,101.0,65.4,10.2,1.2,0.8
35.9,114.0,113.5,22.8,2.4,0.2
37.1,100.0,104.5,20.3,0.6,0.8
37.5,92.0,75.9,2.3,2.8,0.2
36.7,134.0,99.7,14.6,2.7,0.5
36.4,106.0,64.3,22.7,2.8,0.3
35.8,111.0,119.6,24.5,0.4,0.1
36.7,84.0,83.5,20.1,0.8,0.7
36.3,116.0,97.7,16.4,0.7,0.2
37.1,100.0,82.9,1.8,0.5,0.6
36.7,116.0,69.5,12.3,2.5,0.6
36.6,136.0,82.8,13.9,2.0,0.2
36.8,91.0,71.6,13.9,3.6,0.0
36.0,92.0,85.5,3.0,2.8,0.5
36.5,121.0,82.9,10.3,1.2,0.5
36.2,88.0,83.3,15.8,3.0,0.9
36.4,115.0,103.9,12.1,2.7,0.5
36.6,103.0,76.5,19.1,3.2,0.8
36.7,125.0,78.1,21.1,1.3,0.0
37.4,129.0,74.3,25.0,1.1,0.3
36.1,125.0,75.1,4.1,2.2,0.9
36.2,134.0,70.3,11.2,2.2,0.5
36.8,115.0,100.9,17.4,0.8,0.3
37.8,118.0,84.6,13.8,2.0,0.2
37.7,136.0,69.2,21.6,2.2,0.0
37.3,114.0,67.9,1.5,2.2,0.9
37.7,129.0,100.1,22.7,0.8,0.9
35.9,99.0,119.8,9.2,3.0,0.6
36.7,87.0,119.9,17.9,2.2,0.9
37.4,121.0,89.9,19.7,3.5,0.6
36.2,129.0,63.3,6.3,2.7,0.7
37.0,139.0,112.3,22.6,1.7,0.3
35.8,98.0,105.8,21.2,1.1,0.9
36.3,139.0,69.8,20.9,1.4,0.6
37.3,102.0,109.9,16.2,1.4,0.5
37.5,116.0,85.4,25.0,2.2,0.1
37.1,104.0,78.5,1.4,3.5,0.2
37.4,134.0,83.3,16.2,1.0,0.7
36.0,124.0,95.6,11.0,0.7,0.3
37.8,87.0,84.8,24.5,2.9,0.1
37.8,140.0,84.4,18.5,2.1,0.2
36.7,133.0,80.9,3.5,2.9,0.3
37.4,85.0,63.9,3.4,2.1,0.4
36.6,110.0,70.1,16.6,0.5,0.0
36.3,112.0,77.1,6.6,1.2,0.9
37.6,111.0,80.8,23.5,2.7,0.5
36.0,80.0,89.6,22.8,1.9,0.4
37.2,105.0,120.1,1.5,2.7,0.3
36.9,139.0,107.2,6.1,3.5,0.5
37.7,100.0,95.5,12.4,3.5,0.3
36.1,134.0,60.1,5.1,2.6,0.8
37.3,112.0,60.3,5.3,3.7,0.5
37.3,120.0,104.6,18.3,2.1,0.2
36.5,112.0,96.4,17.5,3.2,0.9
36.1,116.0,108.5,19.9,0.2,0.1
36.8,102.0,93.2,2.7,2.9,0.2
35.8,92.0,93.4,23.3,3.0,0.4
36.0,104.0,64.6,21.1,0.5,0.5
37.3,96.0,104.5,5.7,3.3,0.3
36.0,85.0,109.6,19.3,3.7,0.5
36.9,98.0,86.0,17.6,1.4,0.2
37.7,122.0,118.0,15.4,1.7,0.0
36.7,126.0,77.8,25.0,3.7,0.5
36.0,122.0,120.6,14.1,2.7,0.9
35.9,89.0,64.6,11.2,2.0,0.6
36.6,85.0,67.4,15.0,2.9,0.2
36.0,132.0,96.6,15.2,3.7,0.7
36.2,119.0,101.8,7.3,3.8,0.4
37.3,108.0,101.0,1.5,2.6,0.4
36.2,86.0,61.3,19.9,3.3,0.5
37.1,131.0,64.2,13.2,0.7,0.1
36.4,83.0,106.5,17.3,2.4,0.2
37.8,127.0,90.2,25.5,3.0,0.5
36.5,110.0,63.0,1.1,3.7,0.0
37.3,121.0,61.3,16.5,0.6,0.0
37.5,121.0,79.0,24.7,1.5,0.6
36.4,81.0,71.2,13.8,3.6,0.7
37.1,137.0,119.9,17.0,0.5,0.0
35.8,101.0,118.2,9.3,2.8,0.9
37.1,121.0,91.2,18.0,1.7,0.5
37.1,124.0,91.0,25.1,1.7,0.8
37.1,133.0,112.2,18.5,2.1,0.9
36.2,100.0,80.9,5.6,2.4,0.4
36.5,131.0,117.5,9.7,1.5,0.1
37.5,86.0,78.1,4.7,0.5,0.0
37.2,130.0,113.4,19.9,2.3,0.7
37.2,91.0,99.6,8.3,2.8,0.3
37.4,81.0,79.7,18.0,3.8,0.6
37.3,122.0,69.3,2.5,0.1,0.6
36.8,131.0,98.7,15.3,3.8,0.2
36.0,93.0,89.9,11.0,2.2,0.9
37.7,92.0,70.4,21.8,3.6,0.3
36.5,86.0,93.5,10.1,3.8,0.3
36.7,93.0,67.6,8.7,0.6,0.1
37.4,111.0,90.5,15.1,1.5,0.7
37.5,92.0,88.6,7.7,1.0,0.4
37.2,80.0,67.3,4.8,3.2,0.9
36.7,92.0,80.2,1.5,0.6,0.3
37.5,137.0,85.8,0.1,0.3,0.5
37.5,89.0,61.8,11.8,0.3,0.2
36.3,107.0,70.8,19.3,3.8,0.7
36.6,104.0,61.8,14.8,3.9,0.8
37.0,125.0,67.6,25.0,1.4,0.6
37.6,85.0,81.9,13.4,2.4,0.6
35.8,92.0,115.7,19.5,2.7,0.8
37.2,98.0,106.9,6.9,3.9,0.8
36.8,131.0,99.9,2.6,2.8,0.8
36.6,123.0,105.1,10.4,1.3,0.1
37.4,127.0,98.7,21.7,1.2,0.5
37.7,105.0,72.3,13.9,0.6,0.9
36.0,91.0,74.3,20.1,3.4,0.3
35.9,119.0,71.9,11.5,0.9,0.6
37.8,103.0,68.9,3.6,2.1,0.4
36.3,100.0,77.1,15.9,2.7,0.6
37.0,110.0,74.8,11.4,2.0,0.2
36.5,135.0,89.7,13.7,3.6,0.6
36.4,129.0,79.8,23.1,1.3,0.6
37.5,89.0,104.2,18.1,3.1,0.7
36.6,123.0,69.1,14.5,0.3,0.6
36.0,125.0,90.9,3.7,2.1,0.5
36.0,95.0,89.0,14.0,0.0,0.3
36.1,139.0,110.6,3.2,3.0,0.0
37.3,108.0,87.1,7.7,2.3,0.5
37.5,86.0,68.4,19.7,3.1,0.1
36.1,106.0,120.2,23.0,3.6,0.1
36.7,140.0,63.3,2.2,0.1,0.4
36.0,107.0,71.2,4.3,0.9,0.4
37.4,92.0,90.8,0.5,2.6,0.5
36.6,121.0,95.7,18.6,3.3,0.9
37.3,88.0,93.7,8.6,1.7,0.0
37.1,122.0,88.9,14.0,2.1,0.6
37.7,119.0,99.8,20.6,1.6,0.8
37.3,133.0,77.0,4.6,1.3,0.8
37.7,90.0,97.5,9.3,2.5,0.8
37.4,137.0,79.5,12.5,2.0,0.8
36.2,124.0,63.0,20.8,2.9,0.0
37.7,118.0,93.1,7.3,1.6,0.0
36.4,110.0,71.3,25.8,2.0,0.9
36.6,106.0,68.1,21.8,3.9,0.9
35.8,127.0,116.9,19.5,2.8,0.2
35.8,106.0,112.4,12.2,1.2,0.6
37.4,106.0,92.6,21.0,3.9,0.7
36.6,81.0,112.8,11.3,3.5,0.5
36.1,132.0,63.3,15.5,1.8,0.1
35.9,125.0,73.0,11.7,1.5,0.6
37.2,92.0,68.8,21.4,3.8,0.8
37.8,125.0,65.0,19.6,1.1,0.8
37.5,106.0,62.1,12.9,0.0,0.0
37.4,120.0,80.4,9.4,1.6,0.6
37.7,119.0,98.7,5.6,2.2,0.0
37.0,81.0,100.4,13.0,3.9,0.9
35.8,85.0,61.1,25.1,1.8,0.7
37.4,81.0,65.4,5.5,3.0,0.0
36.2,88.0,71.8,22.7,0.9,0.5
36.6,95.0,98.9,21.3,2.3,0.9
35.8,80.0,95.8,11.2,2.4,0.7
36.2,103.0,80.4,17.6,1.9,0.6
36.0,110.0,63.0,14.2,2.3,0.3
36.2,113.0,63.9,9.9,1.4,0.7
37.8,94.0,104.0,18.6,1.3,0.6
36.4,119.0,113.9,17.2,0.3,0.1
36.7,106.0,79.9,20.3,3.0,0.9
36.8,137.0,100.8,17.9,3.0,0.3
36.1,123.0,73.3,6.9,0.5,0.5
36.3,92.0,119.9,24.5,2.5,0.2
37.3,139.0,65.4,0.3,0.9,0.0
36.2,119.0,64.9,7.7,0.1,0.6
36.5,138.0,94.6,12.2,3.6,0.0
37.5,107.0,62.3,2.9,1.9,0.5
36.6,113.0,72.4,17.1,0.8,0.3
37.0,85.0,114.2,19.7,0.0,0.3
37.0,129.0,75.3,16.7,1.3,0.9
36.9,114.0,88.6,9.2,3.9,0.9
37.0,87.0,113.4,7.9,3.9,0.0
37.1,105.0,107.8,18.4,2.8,0.0
37.0,140.0,90.2,17.3,0.8,0.8
36.5,124.0,62.8,14.2,0.5,0.4
36.5,132.0,119.4,23.0,0.0,0.5
36.3,86.0,61.4,18.7,2.1,0.8
37.6,138.0,89.4,10.6,3.5,0.6
37.2,81.0,116.3,18.4,3.0,0.0
36.8,118.0,105.0,16.4,3.2,0.8
37.1,135.0,98.6,21.0,1.1,0.7
37.5,89.0,70.1,7.1,2.5,0.3
37.5,100.0,72.2,5.9,3.9,0.8
37.7,123.0,88.5,5.0,1.2,0.9
36.0,123.0,62.1,13.5,2.7,0.9
35.9,97.0,97.7,12.1,2.4,0.7
35.8,111.0,92.1,21.6,2.7,0.9
37.0,92.0,73.0,8.2,2.3,0.0
37.1,139.0,81.2,12.4,2.0,0.8
36.9,85.0,88.3,1.3,2.7,0.3
36.4,96.0,62.7,22.1,1.7,0.8
37.3,109.0,80.9,17.9,3.4,0.7
36.4,105.0,89.7,21.5,1.0,0.7
37.8,92.0,75.4,3.8,2.2,0.9
35.8,137.0,108.4,14.3,2.4,0.1
36.0,121.0,88.2,20.5,3.2,0.2
36.9,132.0,70.9,0.1,3.7,0.4
36.0,91.0,66.3,21.2,0.4,0.4
36.6,123.0,103.4,20.0,2.6,0.7
37.7,98.0,87.1,16.3,2.3,0.7
37.3,114.0,99.8,24.3,1.4,0.6
37.8,104.0,79.0,1.5,3.3,0.6
37.0,103.0,66.0,9.6,0.1,0.8
35.8,105.0,92.6,17.7,1.1,0.0
36.6,96.0,65.0,18.6,0.1,0.3
36.1,113.0,109.5,2.1,2.9,0.7
36.7,137.0,115.5,7.7,0.9,0.0
37.4,80.0,109.2,23.0,2.3,0.0
36.8,134.0,104.7,3.9,3.3,0.9
36.4,106.0,105.4,5.8,3.7,0.9
37.8,112.0,77.7,5.9,3.1,0.3
37.2,97.0,84.9,16.7,0.4,0.9
37.0,107.0,106.2,20.7,0.7,0.3
36.9,119.0,65.4,1.0,0.7,0.5
36.7,82.0,91.5,20.6,3.6,0.9
37.8,139.0,70.5,1.7,1.5,0.7
36.5,138.0,65.3,1.4,1.1,0.5
35.8,106.0,100.4,5.7,3.4,0.6
37.0,96.0,83.1,25.0,2.2,0.3
36.4,85.0,74.2,13.4,3.6,0.5
37.6,106.0,112.6,20.0,2.8,0.8
37.7,92.0,69.6,18.2,1.4,0.6
37.3,129.0,100.2,11.0,2.7,0.2
36.8,115.0,85.3,15.4,2.7,0.7
36.1,91.0,79.1,23.6,3.4,0.5
35.8,82.0,108.1,19.5,1.1,0.2
36.6,88.0,72.0,10.0,0.6,0.3
36.8,140.0,92.9,16.5,3.4,0.5
36.7,85.0,97.5,15.5,0.3,0.3
36.4,107.0,76.6,12.7,2.4,0.7
35.8,140.0,70.3,16.2,1.9,0.0
36.7,83.0,83.9,24.1,3.4,0.9
37.4,83.0,85.7,5.1,2.4,0.0
37.5,122.0,98.1,4.5,3.2,0.2
36.5,136.0,66.5,13.4,3.3,0.8
37.2,126.0,84.2,22.6,0.6,0.5
35.9,94.0,103.1,19.2,1.3,0.2
37.6,112.0,89.0,1.8,1.1,0.0
35.8,120.0,76.7,19.9,0.7,0.8
37.6,133.0,112.0,18.8,0.6,0.3
36.7,112.0,69.5,25.6,0.2,0.9
37.8,133.0,82.4,2.2,2.7,0.8
37.7,137.0,62.6,2.2,1.4,0.6
35.8,87.0,71.9,6.1,3.8,0.1
37.6,99.0,78.9,25.4,0.6,0.0
36.5,98.0,91.3,23.9,3.5,0.3
37.8,130.0,109.4,16.1,2.5,0.8
37.2,119.0,87.7,23.3,2.3,0.7
36.1,110.0,83.1,11.0,0.9,0.2
35.9,136.0,65.6,18.1,1.2,0.5
37.7,84.0,86.6,17.7,2.6,0.5
36.7,109.0,78.4,24.3,3.0,0.2
36.6,119.0,75.3,5.6,0.9,0.5
37.7,106.0,86.4,21.9,1.0,0.7
36.2,123.0,98.3,14.8,3.0,0.1
37.1,126.0,80.3,1.8,1.3,0.7
36.8,133.0,88.2,0.8,1.1,0.9
35.8,111.0,79.1,20.9,0.2,0.7
36.9,110.0,69.4,23.3,3.0,0.4
36.4,100.0,73.8,19.0,0.7,0.9
37.0,88.0,75.0,2.5,2.6,0.3
37.2,130.0,112.6,12.6,1.8,0.1
37.5,132.0,94.4,14.5,2.8,0.7
37.1,103.0,114.9,14.9,2.7,0.8
35.8,125.0,104.1,10.2,1.1,0.1
37.7,115.0,116.8,9.2,3.3,0.0
37.4,138.0,64.2,20.2,0.5,0.4
37.3,85.0,100.3,10.5,3.0,0.9
36.9,113.0,64.0,2.6,3.6,0.3
37.4,120.0,105.1,16.1,1.9,0.2
37.6,123.0,77.6,8.5,0.3,0.4
36.8,107.0,89.5,19.6,1.6,0.9
37.1,111.0,83.2,8.4,2.8,0.8
37.8,112.0,70.2,15.4,2.3,0.0
35.8,86.0,117.2,21.3,1.0,0.4
37.8,132.0,65.5,21.3,3.6,0.6
36.5,101.0,79.9,15.2,2.3,0.5
36.7,106.0,75.8,24.8,0.4,0.1
37.8,88.0,98.5,18.3,0.4,0.1
36.3,116.0,73.3,6.4,3.0,0.2
37.6,91.0,116.2,0.7,2.9,0.4
36.8,138.0,88.8,8.7,0.6,0.2
37.0,111.0,73.4,25.0,2.8,0.6
37.6,127.0,103.8,20.4,2.1,0.2
37.5,96.0,66.7,9.6,1.6,0.3
36.8,113.0,115.0,10.2,3.8,0.5
36.6,90.0,79.4,24.8,3.3,0.2
37.1,85.0,63.1,19.1,0.5,0.7
36.4,95.0,70.4,16.1,3.5,0.7
36.9,99.0,70.6,20.6,1.1,0.8
36.3,84.0,118.3,12.5,3.0,0.7
37.8,102.0,72.0,10.5,0.2,0.1
37.6,127.0,118.9,21.1,2.2,0.0
36.9,139.0,81.4,1.8,2.9,0.4
37.6,98.0,114.0,24.3,0.0,0.6
37.7,122.0,64.4,8.3,0.7,0.5
37.4,140.0,70.9,8.5,1.7,0.5
37.0,119.0,96.0,22.7,1.6,0.4
36.0,122.0,80.0,23.8,3.5,0.3
36.2,92.0,112.9,9.6,3.1,0.2
36.2,119.0,94.0,24.6,3.6,0.2
36.8,118.0,92.4,8.6,0.6,0.0
36.0,115.0,120.3,17.4,2.8,0.4
37.7,121.0,112.8,22.8,1.2,0.3
36.4,128.0,91.2,22.4,1.8,0.4
37.1,140.0,73.2,5.7,3.4,0.0
37.0,128.0,75.6,24.0,3.7,0.6
37.3,134.0,81.3,22.4,2.3,0.0
36.4,108.0,69.2,3.3,1.0,0.0
36.4,116.0,73.9,10.3,2.3,0.3
35.8,125.0,97.3,13.9,2.2,0.6
37.0,120.0,63.9,12.1,0.4,0.5
36.8,131.0,100.6,13.5,3.2,0.8
36.3,128.0,89.9,9.0,3.0,0.6
36.2,82.0,65.3,10.3,3.2,0.7
36.2,120.0,81.1,2.2,0.6,0.3
37.6,85.0,117.5,25.7,2.0,0.1
36.8,97.0,74.0,2.0,2.6,0.3
37.3,120.0,101.2,25.7,2.4,0.5
37.3,130.0,77.2,11.2,0.5,0.7
37.8,107.0,80.8,17.5,0.2,0.0
36.4,86.0,81.8,25.6,2.3,0.3
37.8,103.0,108.0,19.6,2.9,0.8
36.7,109.0,71.2,10.8,1.3,0.8
37.6,125.0,119.2,19.0,0.9,0.2
37.7,97.0,119.4,18.4,2.1,0.1
36.2,103.0,64.5,19.5,0.4,0.0
36.4,121.0,64.5,10.9,1.0,0.8
37.4,105.0,68.4,8.0,2.6,0.6
36.7,110.0,103.7,21.8,3.6,0.9
37.0,114.0,67.3,0.0,0.9,0.9
36.0,102.0,111.0,19.6,0.3,0.7
36.3,103.0,86.4,22.5,1.6,0.5
36.6,118.0,83.4,1.5,1.8,0.0
36.2,132.0,105.0,16.5,2.6,0.0
36.5,121.0,117.3,25.8,2.2,0.1
37.7,82.0,89.7,12.5,1.0,0.5
36.9,126.0,60.3,24.2,3.8,0.0
36.6,86.0,91.7,16.1,3.8,0.4
36.9,116.0,91.7,20.7,2.2,0.5
37.6,81.0,91.2,22.3,2.2,0.6
36.9,97.0,87.7,14.3,3.3,0.0
37.7,112.0,86.8,18.3,1.4,0.1
36.2,118.0,73.6,0.7,3.1,0.0
36.5,96.0,109.4,17.4,3.3,0.4
37.7,138.0,76.3,20.5,3.2,0.4
36.5,134.0,119.7,17.4,1.3,0.5
36.0,83.0,104.0,21.2,1.8,0.0
37.1,126.0,117.1,16.7,2.8,0.4
37.8,97.0,83.6,19.3,0.3,0.1
35.9,85.0,111.9,14.5,3.1,0.9
37.0,90.0,82.8,23.2,2.2,0.8
37.8,82.0,77.7,18.8,3.0,0.1
36.8,82.0,119.0,17.6,1.2,0.7
37.8,120.0,86.0,21.1,0.1,0.4
36.3,136.0,80.4,3.6,1.5,0.6
36.5,132.0,109.5,20.5,1.8,0.0
37.5,92.0,81.5,18.6,2.2,0.6
37.1,133.0,66.4,15.2,3.9,0.1
36.9,86.0,74.9,17.8,0.9,0.3
36.9,105.0,86.6,21.4,2.1,0.8
36.1,105.0,75.0,23.6,3.4,0.7
37.8,101.0,109.7,2.6,2.2,0.0
37.5,100.0,111.7,6.0,3.6,0.5
37.5,106.0,81.9,15.7,2.2,0.4
37.5,119.0,62.2,20.1,1.0,0.2
37.5,82.0,89.4,14.1,3.4,0.4
37.4,85.0,116.0,18.7,1.6,0.1
36.6,99.0,92.7,23.7,3.2,0.3
37.0,109.0,76.6,4.5,1.9,0.0
36.9,86.0,107.0,20.3,0.9,0.4
36.3,80.0,82.1,22.7,3.8,0.8
37.5,103.0,83.9,17.4,2.2,0.3
36.5,137.0,112.4,21.6,3.9,0.5
37.0,133.0,119.0,22.5,1.8,0.3
36.6,120.0,65.8,25.7,1.5,0.4
36.7,88.0,60.4,7.1,2.7,0.2
36.0,85.0,100.4,7.1,3.8,0.5
37.6,81.0,88.4,24.3,1.9,0.7
36.6,80.0,84.4,12.9,3.9,0.9
35.9,85.0,77.9,15.1,0.4,0.2
36.4,112.0,94.7,23.9,3.0,0.6
36.1,101.0,106.4,19.1,1.6,0.1
37.5,82.0,83.2,11.1,1.7,0.1
36.6,129.0,71.2,23.5,1.9,0.2
37.0,136.0,104.1,14.2,3.0,0.8
36.4,136.0,70.4,14.5,1.3,0.4
36.9,87.0,112.6,14.7,2.6,0.4
37.5,107.0,66.3,4.7,2.8,0.2
36.6,123.0,78.4,4.9,0.0,0.9
36.4,89.0,84.1,19.0,2.7,0.4
36.4,95.0,119.3,7.3,2.7,0.4
35.9,80.0,113.2,2.1,3.9,0.7
36.8,134.0,118.0,17.4,0.5,0.7
37.5,107.0,92.6,22.9,2.9,0.4
36.7,103.0,70.9,24.2,0.7,0.3
36.4,89.0,60.1,18.6,0.9,0.5
37.1,81.0,64.9,13.5,3.1,0.1
37.0,140.0,96.8,16.9,3.7,0.3
37.1,94.0,92.9,17.2,3.7,0.0
36.6,114.0,91.6,20.2,0.2,0.2
37.5,137.0,67.2,17.2,0.3,0.3
36.6,87.0,73.2,13.2,0.3,0.9
36.9,134.0,115.1,18.0,0.7,0.7
36.8,113.0,72.5,2.1,2.5,0.4
36.3,94.0,90.2,15.6,1.0,0.5
36.3,100.0,116.9,18.2,1.7,0.3
37.2,130.0,81.5,6.7,2.6,0.5
36.3,126.0,105.5,19.1,1.7,0.8
36.0,125.0,91.3,22.2,1.6,0.6
37.0,134.0,104.9,19.0,2.5,0.2
37.2,118.0,89.2,2.0,3.8,0.2
36.5,106.0,106.6,15.9,3.4,0.1
37.0,81.0,84.2,20.4,0.4,0.7
35.8,84.0,73.8,21.5,0.6,0.0
37.2,99.0,96.1,20.9,1.7,0.5
37.8,100.0,61.3,8.2,1.0,0.1
36.9,101.0,111.4,0.6,1.9,0.0
35.8,116.0,110.0,2.8,3.8,0.8
37.2,103.0,72.5,15.4,1.7,0.1
36.2,128.0,76.8,15.3,2.6,0.0
37.0,107.0,83.2,24.2,0.0,0.6
37.2,96.0,78.7,25.1,0.9,0.4
36.8,101.0,118.2,19.6,1.4,0.5
37.5,84.0,95.1,13.8,0.1,0.0
36.7,103.0,67.5,19.6,1.7,0.8
36.3,137.0,69.4,2.4,0.7,0.1
36.6,119.0,72.7,4.1,1.4,0.5
36.5,106.0,63.3,19.3,3.5,0.8
35.9,105.0,110.5,24.8,0.1,0.4
37.3,102.0,68.6,16.1,0.3,0.9
36.0,136.0,104.5,25.1,3.0,0.6
36.1,87.0,120.1,11.4,3.4,0.1
36.5,117.0,115.6,25.5,2.9,0.2
37.2,121.0,80.3,0.9,2.6,0.7
36.0,136.0,106.5,23.5,3.0,0.1
37.0,104.0,65.0,11.1,0.6,0.8
36.3,128.0,79.9,11.9,3.1,0.0
36.3,119.0,103.5,1.8,3.9,0.4
36.2,107.0,65.6,22.7,3.3,0.3
37.5,122.0,80.9,25.7,2.6,0.9
37.7,100.0,80.3,5.5,2.7,0.0
36.8,104.0,109.5,22.8,2.7,0.9
36.4,128.0,79.0,5.3,0.6,0.2
37.3,96.0,80.3,24.4,1.0,0.2
37.2,119.0,82.8,8.3,2.1,0.6
37.5,131.0,90.5,5.5,2.2,0.1
37.4,132.0,76.4,20.0,3.4,0.4
36.0,125.0,77.9,6.3,1.4,0.9
36.7,131.0,77.2,22.5,0.5,0.7
36.6,116.0,71.3,10.3,1.0,0.7
36.0,131.0,85.8,3.9,3.1,0.4
36.0,123.0,62.3,9.4,0.7,0.4
36.0,130.0,63.6,3.8,0.4,0.2
35.9,102.0,105.7,14.7,2.5,0.2
36.7,125.0,86.5,21.2,1.6,0.2
35.8,81.0,87.6,9.0,1.0,0.1
36.6,98.0,82.8,8.4,0.5,0.0
36.2,86.0,61.7,24.9,3.8,0.2
36.1,83.0,105.8,18.6,3.0,0.2
37.3,103.0,84.2,17.8,3.7,0.2
35.8,105.0,83.0,15.7,1.8,0.1
36.6,88.0,89.3,12.6,3.2,0.5
36.1,83.0,61.6,9.0,1.8,0.3
36.5,84.0,88.0,19.1,2.4,0.8
36.5,91.0,88.5,20.2,3.5,0.0
37.5,116.0,71.6,20.8,0.1,0.3
37.1,109.0,61.6,14.7,0.7,0.9
36.6,101.0,98.5,4.5,3.5,0.8
37.0,139.0,88.4,14.8,2.6,0.2
37.5,125.0,100.3,11.6,0.7,0.0
36.8,84.0,78.2,1.7,1.4,0.7
36.0,100.0,108.8,23.8,0.1,0.7
37.8,139.0,71.0,9.5,3.3,0.3
36.2,86.0,60.3,21.7,1.5,0.1
36.1,124.0,96.0,9.5,2.8,0.2
37.7,109.0,79.5,3.0,3.5,0.7
37.8,112.0,73.9,16.2,0.6,0.9
37.8,93.0,63.5,17.3,2.2,0.0
36.8,98.0,91.3,22.0,0.3,0.0
37.3,108.0,116.8,24.7,0.8,0.4
37.1,93.0,81.6,18.3,1.8,0.6
36.3,128.0,71.2,23.4,0.9,0.4
36.2,86.0,82.9,18.4,1.5,0.9
36.0,125.0,90.9,9.4,1.4,0.2
37.0,103.0,77.5,18.4,1.2,0.7
35.8,131.0,119.7,20.7,3.3,0.4
37.6,122.0,114.3,14.7,3.1,0.7
37.2,136.0,66.5,1.7,3.4,0.8
36.1,82.0,64.8,13.1,3.8,0.2
36.6,108.0,83.4,19.7,3.6,0.3
36.1,128.0,106.6,11.9,0.6,0.4
35.8,91.0,113.4,24.5,3.5,0.6
36.1,138.0,74.7,17.4,3.3,0.5
36.9,106.0,61.7,11.5,1.1,0.6
36.5,85.0,69.8,12.6,3.7,0.2
36.8,134.0,68.5,13.4,0.3,0.9
35.8,82.0,62.5,23.7,1.2,0.5
36.4,86.0,104.2,8.9,0.9,0.0
36.1,133.0,107.8,9.9,1.0,0.1
36.2,123.0,94.6,22.5,2.9,0.1
37.8,122.0,70.3,10.9,1.7,0.7
35.8,84.0,107.1,22.3,1.0,0.0
37.6,138.0,101.4,3.2,3.3,0.1
36.6,98.0,115.9,22.8,1.5,0.3
37.8,95.0,98.0,25.4,3.9,0.3
35.9,130.0,92.9,21.0,3.8,0.7
36.7,117.0,118.6,17.7,3.6,0.5
37.1,122.0,76.6,16.5,1.2,0.6
35.8,129.0,86.5,14.4,0.9,0.6
35.8,85.0,62.3,7.4,1.1,0.5
36.5,81.0,82.9,18.5,3.5,0.3
36.7,129.0,118.0,5.1,1.2,0.0
36.2,122.0,85.9,7.5,3.2,0.1
37.2,134.0,64.0,11.6,1.1,0.9
37.6,110.0,88.7,11.5,3.1,0.7
36.6,87.0,85.5,20.0,0.7,0.9
36.0,128.0,82.1,21.8,0.2,0.1
37.6,134.0,72.4,5.1,1.0,0.9
37.2,129.0,63.2,20.5,1.8,0.0
35.8,87.0,62.8,10.7,0.9,0.5
36.5,90.0,67.8,11.4,3.9,0.0
35.8,83.0,105.9,22.6,3.4,0.8
36.1,86.0,63.2,12.4,3.2,0.3
36.3,112.0,69.5,20.1,2.0,0.1
36.7,93.0,72.4,18.6,3.0,0.1
36.4,108.0,101.9,18.1,0.3,0.2
36.7,86.0,71.6,8.4,3.3,0.0
36.6,131.0,63.6,15.3,2.2,0.8
36.5,105.0,98.1,20.5,2.6,0.9
35.8,84.0,102.5,25.5,3.3,0.6
37.7,125.0,95.6,4.5,3.9,0.2
37.1,131.0,97.2,15.7,3.0,0.5
36.1,97.0,68.4,2.2,2.9,0.7
36.9,133.0,85.2,24.0,2.3,0.4
36.0,86.0,102.2,11.4,2.5,0.2
36.8,82.0,85.5,8.5,2.0,0.9
36.9,105.0,69.4,13.2,2.6,0.2
37.6,105.0,74.2,22.0,2.1,0.0
37.1,99.0,106.2,22.9,2.8,0.2
37.3,137.0,86.5,11.0,3.1,0.1
36.7,87.0,100.3,6.5,3.6,0.8
37.5,112.0,98.9,3.8,3.5,0.9
35.9,139.0,63.3,19.4,1.6,0.9
36.3,81.0,75.0,5.4,0.4,0.8
36.7,83.0,116.7,18.5,3.0,0.8
37.7,95.0,98.8,14.0,2.9,0.7
37.1,102.0,116.0,23.8,2.2,0.6
37.4,80.0,81.5,17.0,2.9,0.7
37.0,129.0,69.3,1.6,0.6,0.7
36.2,135.0,84.6,24.8,2.4,0.9
37.1,123.0,84.2,0.2,0.6,0.0
35.8,101.0,109.3,15.2,0.0,0.1
36.9,99.0,81.6,25.3,0.1,0.3
36.0,81.0,81.0,14.4,0.7,0.7
36.0,118.0,113.4,24.7,3.1,0.0
37.1,115.0,68.1,8.2,0.4,0.6
36.1,140.0,113.2,14.0,3.2,0.5
36.1,131.0,66.7,19.5,2.6,0.1
37.6,109.0,86.1,20.6,1.8,0.5
37.8,87.0,67.2,0.3,2.4,0.7
36.0,124.0,111.1,21.4,2.7,0.2
36.3,117.0,97.3,0.4,3.4,0.8
37.6,136.0,66.8,22.5,0.7,0.6
37.1,103.0,84.4,10.3,1.7,0.0
37.6,83.0,79.2,4.5,2.6,0.3
35.9,98.0,74.7,12.0,1.5,0.8
36.3,93.0,88.7,7.4,0.5,0.0
36.7,111.0,83.3,12.4,3.7,0.6
36.6,126.0,75.1,20.7,1.5,0.9
37.3,119.0,106.1,12.7,3.8,0.9
36.3,138.0,109.8,21.2,0.3,0.3
36.4,100.0,87.3,20.0,3.2,0.1
37.6,137.0,76.3,22.8,3.7,0.7
36.9,104.0,108.6,6.6,3.7,0.7
37.4,129.0,71.2,13.9,2.1,0.7
37.4,82.0,101.2,8.3,3.2,0.1
36.6,118.0,63.3,21.4,0.7,0.2
36.5,127.0,104.9,3.2,3.9,0.3
37.0,128.0,116.3,22.2,3.9,0.1
36.5,138.0,87.4,11.1,2.4,0.7
36.1,90.0,75.9,15.7,0.0,0.0
37.0,134.0,85.6,0.0,2.8,0.6
36.2,131.0,83.8,6.4,3.7,0.3
37.7,87.0,115.9,24.6,1.1,0.9
37.7,105.0,101.1,21.5,0.0,0.8
36.6,128.0,76.6,7.8,2.5,0.9
35.8,102.0,72.4,14.9,1.0,0.6
35.9,140.0,95.3,2.5,3.7,0.0
35.9,126.0,66.0,23.4,2.7,0.0
37.7,131.0,85.7,18.9,1.2,0.5
37.4,127.0,67.6,16.6,1.9,0.0
37.0,131.0,70.9,23.1,0.5,0.9
37.2,113.0,94.4,21.5,3.1,0.9
36.5,104.0,115.5,16.3,1.9,0.5
35.8,121.0,85.2,22.2,3.2,0.1
37.4,83.0,85.9,5.1,0.9,0.8
36.3,100.0,92.2,18.4,0.9,0.5
36.1,113.0,70.6,5.0,2.8,0.8
37.2,126.0,101.8,19.5,1.3,0.0
36.5,80.0,99.3,13.8,3.5,0.7
37.0,136.0,85.8,5.3,3.0,0.8
37.6,118.0,107.0,25.5,2.9,0.3
37.5,126.0,67.9,25.2,2.7,0.3
36.4,108.0,79.7,7.9,3.6,0.9
37.8,80.0,85.3,23.3,2.8,0.9
37.6,123.0,76.2,18.2,3.6,0.9
36.2,140.0,66.3,18.7,0.5,0.9
36.5,120.0,72.4,18.9,1.3,0.6
37.1,82.0,82.8,18.4,0.4,0.5
35.8,99.0,80.5,12.2,2.8,0.5
37.8,110.0,66.2,10.2,2.4,0.1
36.1,114.0,88.4,17.4,1.3,0.7
37.8,92.0,73.3,9.2,2.4,0.2
37.0,125.0,100.7,20.5,3.8,0.4
37.8,110.0,100.7,21.4,0.3,0.5
36.1,104.0,85.1,12.4,1.9,0.4
37.8,86.0,108.3,3.7,3.3,0.1
36.3,95.0,71.5,9.1,0.1,0.4
37.8,93.0,62.8,9.0,2.7,0.9
36.5,95.0,116.4,2.9,3.0,0.5
36.0,109.0,77.9,23.3,2.4,0.7
36.2,125.0,67.0,16.5,0.5,0.8
37.7,126.0,63.6,22.7,0.9,0.3
36.8,108.0,72.7,11.6,1.5,0.8
37.6,90.0,92.1,1.0,2.2,0.1
37.2,109.0,116.3,20.9,2.1,0.7
35.9,113.0,115.4,6.2,2.8,0.6
37.4,138.0,64.3,12.2,0.1,0.1
36.4,128.0,70.3,19.3,3.3,0.8
36.5,123.0,113.5,15.8,3.6,0.7
36.2,85.0,112.9,16.0,3.0,0.0
36.4,96.0,78.2,9.3,1.1,0.4
36.9,81.0,87.1,15.1,3.4,0.9
36.8,127.0,88.6,20.2,0.3,0.2
37.3,124.0,92.4,25.4,1.5,0.9
37.8,115.0,88.0,18.6,3.9,0.3
36.3,84.0,115.9,22.3,2.2,0.3
36.1,138.0,112.2,21.5,1.4,0.2
37.4,87.0,109.2,21.7,2.5,0.3
36.5,102.0,88.7,15.7,0.2,0.2
37.4,111.0,90.4,19.3,3.0,0.4
36.9,111.0,91.8,14.8,2.6,0.1
36.6,120.0,75.7,15.5,1.9,0.5
37.1,99.0,99.0,24.5,2.3,0.8
36.9,96.0,60.8,7.2,1.8,0.4
37.3,124.0,86.0,22.7,2.0,0.6
36.7,116.0,95.6,18.3,1.8,0.9
36.8,127.0,74.6,2.9,1.0,0.2
37.4,131.0,72.5,8.6,0.7,0.7
35.9,97.0,74.9,1.6,3.2,0.7
37.6,137.0,95.4,14.4,3.4,0.9
36.5,110.0,60.2,24.4,3.1,0.4
36.3,100.0,77.8,15.5,1.1,0.3
37.4,126.0,113.7,24.9,1.4,0.7
36.6,93.0,86.9,7.3,3.3,0.5
35.9,129.0,64.4,17.3,2.3,0.2
36.8,132.0,69.7,25.8,3.5,0.3
36.1,140.0,112.2,1.9,2.7,0.1
36.0,114.0,95.3,19.0,3.1,0.3
36.7,95.0,82.2,11.8,2.4,0.4
36.2,113.0,67.6,20.2,1.0,0.4
37.5,82.0,62.7,10.7,1.2,0.6
36.3,88.0,81.4,9.0,1.3,0.3
37.1,100.0,85.4,3.8,2.8,0.4
37.2,123.0,76.5,1.8,3.6,0.4
37.0,135.0,76.5,12.8,0.1,0.1
37.3,119.0,68.0,25.2,3.8,0.3
36.6,97.0,64.7,25.4,2.2,0.6
37.5,135.0,77.5,12.9,2.8,0.5
37.7,80.0,104.0,20.7,0.3,0.4
36.0,133.0,84.2,13.9,1.5,0.0
36.6,103.0,95.9,10.3,1.2,0.1
37.0,89.0,108.4,15.2,1.5,0.4
37.5,86.0,101.1,9.2,3.8,0.5
37.8,135.0,118.9,19.8,0.9,0.6
37.2,111.0,108.1,25.3,2.7,0.3
36.0,86.0,63.0,11.5,0.5,0.4
36.1,134.0,117.5,18.6,0.7,0.0
36.4,129.0,107.0,13.8,2.4,0.0
36.2,127.0,105.3,22.6,1.1,0.5
36.3,84.0,79.0,9.2,2.0,0.0
37.1,120.0,79.7,7.3,0.5,0.1
35.8,131.0,61.1,20.6,3.1,0.5
37.3,107.0,65.2,21.2,0.2,0.3
35.8,130.0,89.6,23.0,2.4,0.3
36.7,120.0,66.8,13.0,3.8,0.1
35.9,105.0,77.8,19.6,2.8,0.6
35.9,102.0,68.7,2.7,2.6,0.2
36.2,121.0,76.4,2.7,3.3,0.0
37.2,102.0,74.3,0.6,0.2,0.9
35.9,110.0,74.1,17.3,3.3,0.7
37.3,93.0,88.3,19.3,1.0,0.2
37.3,115.0,78.7,6.3,0.0,0.9
37.3,92.0,91.2,16.0,2.7,0.6
37.7,85.0,115.9,17.2,3.3,0.9
37.1,111.0,113.7,6.6,3.2,0.0
37.2,135.0,85.9,13.5,1.3,0.0
37.4,112.0,98.8,21.6,1.2,0.2
36.7,124.0,102.0,5.3,1.2,0.0
36.3,97.0,80.9,23.9,2.3,0.1
36.3,136.0,90.4,0.1,2.7,0.6
37.1,84.0,84.9,19.1,2.8,0.8
37.1,103.0,88.0,4.5,0.6,0.5
37.3,104.0,70.5,23.4,2.9,0.4
36.4,90.0,96.3,0.6,2.7,0.0
37.1,92.0,66.5,18.9,1.4,0.8
37.2,140.0,64.3,21.6,2.5,0.2
36.2,106.0,95.8,23.6,1.8,0.7
37.6,103.0,69.6,5.3,0.4,0.2
37.5,89.0,65.6,12.3,1.2,0.7
37.0,115.0,113.2,23.2,2.8,0.8
37.3,97.0,119.6,22.5,2.8,0.8
36.3,81.0,63.9,1.1,2.0,0.0
36.7,99.0,79.9,19.2,3.5,0.0
37.4,109.0,68.1,16.2,2.1,0.1
35.8,112.0,116.3,5.1,2.8,0.2
36.8,94.0,110.4,12.5,0.8,0.0
36.0,91.0,109.4,24.5,3.6,0.6
35.9,134.0,110.8,5.7,2.8,0.1
37.1,110.0,86.5,1.4,2.0,0.0
36.4,124.0,108.9,1.6,3.3,0.4
36.5,125.0,104.9,25.1,3.7,0.9
37.8,106.0,97.7,18.1,1.9,0.5
37.6,82.0,73.8,10.4,1.5,0.2
37.8,138.0,79.3,9.7,2.9,0.4
37.5,91.0,93.6,2.1,3.4,0.9
37.6,112.0,95.8,15.8,2.9,0.0
37.8,99.0,72.1,15.4,3.5,0.2
36.2,135.0,111.8,5.9,3.7,0.8
37.7,111.0,74.8,11.9,0.0,0.5
36.5,83.0,101.2,24.1,1.6,0.0
37.6,90.0,118.6,18.9,0.3,0.5
36.2,121.0,60.6,21.0,3.9,0.2
36.8,103.0,90.7,15.3,2.3,0.1
35.8,124.0,110.7,19.8,2.7,0.4
37.7,118.0,67.3,2.2,3.5,0.5
36.8,138.0,67.1,12.7,2.3,0.8
37.6,111.0,102.9,5.1,3.0,0.8
36.4,121.0,89.2,20.7,0.6,0.2
37.3,116.0,84.7,9.0,0.9,0.5
36.8,115.0,89.6,13.7,2.6,0.2
36.4,109.0,64.2,19.4,0.1,0.0
36.1,83.0,87.2,2.7,3.3,0.4
36.2,94.0,67.9,23.1,1.3,0.4
36.7,87.0,104.2,18.3,0.9,0.9
36.9,136.0,104.7,3.1,3.2,0.7
35.9,136.0,62.7,2.2,2.1,0.0
36.5,136.0,78.0,10.0,0.8,0.6
36.4,101.0,70.4,9.2,2.7,0.1
36.8,103.0,114.2,13.4,2.2,0.0
37.1,118.0,119.5,21.8,1.0,0.8
37.0,107.0,114.7,24.7,0.3,0.5
36.4,80.0,63.4,24.4,1.2,0.1
35.8,116.0,107.9,12.3,2.1,0.9
37.8,140.0,75.6,1.3,2.4,0.1
36.5,90.0,97.1,9.8,3.6,0.3
36.6,80.0,69.3,25.4,3.5,0.2
35.9,96.0,68.2,19.3,3.7,0.3
36.2,105.0,110.8,25.7,2.3,0.7
37.7,90.0,78.6,6.0,2.5,0.2
36.4,121.0,110.6,22.8,0.7,0.5
36.9,96.0,93.8,10.9,0.4,0.0
36.1,121.0,82.7,19.3,0.3,0.1
36.2,105.0,77.1,3.2,1.6,0.5
36.5,116.0,111.8,25.5,0.0,0.9
36.8,101.0,62.2,14.5,0.4,0.8
37.5,108.0,112.8,11.3,2.7,0.5
37.3,116.0,75.9,20.4,3.3,0.1
37.0,135.0,72.6,7.1,2.9,0.0
36.5,86.0,90.3,24.0,3.7,0.6
36.7,136.0,95.4,25.6,1.0,0.5
36.2,119.0,81.1,19.0,0.3,0.5
36.3,87.0,89.1,7.5,2.3,0.9
37.2,112.0,105.0,22.9,1.3,0.0
37.3,110.0,99.9,24.6,0.2,0.3
37.8,136.0,65.9,12.6,2.6,0.4
37.2,80.0,79.9,6.3,3.5,0.9
37.4,100.0,112.2,15.9,2.5,0.7
35.8,115.0,79.9,2.9,3.5,0.2
37.3,96.0,97.3,25.7,0.6,0.8
35.9,97.0,87.9,21.4,3.5,0.9
37.0,94.0,95.6,1.0,3.9,0.9
37.8,116.0,92.2,1.6,0.7,0.0
36.8,133.0,74.0,21.0,2.4,0.7
37.3,124.0,81.4,21.4,2.0,0.9
35.8,101.0,119.4,3.5,3.9,0.9
36.8,88.0,69.7,10.7,1.6,0.4
36.0,105.0,78.1,7.5,0.3,0.7
37.4,115.0,70.6,15.5,1.9,0.3
36.8,128.0,62.8,3.4,3.1,0.4
36.7,117.0,96.1,21.3,2.5,0.5
37.1,108.0,75.1,0.1,0.4,0.6
35.9,92.0,92.2,24.2,1.9,0.2
36.2,102.0,111.0,21.3,0.7,0.2
37.1,83.0,64.5,5.5,0.5,0.0
37.7,110.0,80.6,20.6,0.1,0.9
37.4,104.0,81.7,17.5,3.2,0.3
36.2,89.0,89.8,14.1,1.2,0.2
37.6,95.0,81.2,24.5,3.9,0.2
37.1,130.0,75.2,6.6,1.0,0.9
35.8,106.0,116.9,19.9,3.8,0.6
35.9,125.0,82.2,23.5,2.0,0.8
36.6,86.0,77.0,21.7,1.1,0.0
37.8,139.0,120.4,3.0,2.8,0.7
36.5,92.0,79.0,20.9,1.2,0.2
35.9,108.0,69.4,0.7,0.0,0.8
36.0,138.0,63.6,15.2,0.6,0.9
37.2,137.0,71.9,20.3,3.5,0.0
36.0,122.0,82.1,10.4,2.9,0.2
36.9,119.0,81.0,10.0,1.5,0.6
36.4,118.0,73.0,9.2,1.6,0.0
36.5,117.0,73.7,2.6,1.9,0.7
36.7,97.0,88.3,2.0,2.5,0.7
37.8,99.0,77.0,21.8,0.3,0.1
37.7,110.0,93.3,20.2,3.8,0.2
36.8,117.0,96.7,17.7,1.2,0.7
36.7,119.0,114.8,19.8,1.5,0.2
37.1,108.0,75.7,22.8,2.5,0.4
36.5,132.0,116.8,9.8,2.9,0.2
36.0,126.0,71.3,10.0,0.1,0.1
36.7,117.0,60.1,17.6,3.3,0.5
37.0,131.0,67.0,6.3,2.0,0.0
36.2,135.0,100.4,10.7,1.9,0.3
37.8,104.0,90.5,5.5,2.5,0.8
37.5,120.0,116.3,8.8,2.6,0.2
37.8,126.0,89.1,0.0,3.8,0.2
36.9,127.0,76.7,11.5,2.6,0.4
35.9,138.0,61.2,14.0,1.0,0.6
36.4,82.0,75.3,23.8,2.1,0.6
35.9,100.0,99.3,11.5,3.5,0.8
37.2,84.0,95.7,20.5,3.2,0.3
37.6,128.0,98.2,21.5,2.8,0.8
37.0,123.0,104.7,16.4,1.7,0.1
36.6,109.0,76.7,21.2,3.6,0.3
36.8,102.0,101.5,5.1,3.7,0.9
36.4,92.0,114.2,24.4,2.2,0.5
36.5,107.0,109.6,24.4,3.0,0.3
36.3,129.0,73.5,20.9,0.5,0.8
36.5,120.0,73.0,2.2,2.3,0.7
36.0,103.0,97.9,17.6,3.8,0.7
37.2,104.0,69.5,14.3,3.3,0.1
36.0,86.0,88.1,10.7,2.2,0.0
37.3,120.0,81.3,21.7,2.2,0.1
37.5,85.0,67.3,19.9,3.0,0.4
37.8,113.0,60.0,19.3,2.9,0.9
37.7,129.0,106.8,2.2,3.4,0.5
37.7,125.0,67.4,17.5,3.0,0.7
37.1,121.0,110.0,5.5,3.7,0.0
37.0,132.0,91.5,25.7,0.8,0.2
37.0,140.0,106.3,6.5,3.3,0.2
37.4,127.0,72.8,21.6,3.5,0.3
36.4,91.0,96.3,11.0,1.2,0.1
36.6,92.0,72.4,16.0,2.8,0.6
37.3,120.0,93.1,17.8,1.6,0.7
37.0,110.0,101.0,7.2,3.5,0.8
35.9,93.0,111.6,10.5,3.5,0.5
36.1,134.0,91.7,3.5,2.2,0.5
37.7,87.0,96.0,16.7,1.7,0.6
37.6,134.0,96.6,23.0,2.7,0.6
37.3,91.0,79.0,19.0,2.5,0.6
36.9,113.0,74.7,2.2,3.8,0.3
37.5,82.0,96.8,24.7,0.3,0.6
36.6,132.0,67.4,4.0,1.3,0.8
37.1,112.0,75.6,25.5,0.1,0.8
36.5,101.0,114.3,17.1,0.5,0.3
37.0,133.0,107.0,13.8,2.7,0.3
36.8,81.0,109.7,5.3,2.7,0.7
35.8,119.0,88.2,3.5,3.5,0.5
37.8,118.0,108.4,4.9,1.8,0.0
35.9,105.0,106.2,11.7,3.6,0.9
37.6,97.0,80.7,25.5,3.5,0.4
36.6,125.0,65.2,1.2,1.5,0.5
36.9,108.0,60.7,18.9,0.8,0.9
37.7,90.0,73.5,8.8,3.1,0.1
37.4,86.0,114.3,5.2,3.8,0.0
37.4,93.0,116.9,21.8,2.4,0.6
37.1,109.0,120.0,11.5,3.9,0.3
37.4,137.0,75.4,17.1,1.8,0.5
37.1,123.0,76.7,20.3,3.9,0.4
37.8,88.0,71.9,14.0,3.9,0.3
35.9,83.0,86.9,7.1,1.6,0.3
37.4,139.0,78.1,11.7,1.8,0.2
36.2,111.0,65.7,12.6,2.6,0.5
36.8,107.0,112.6,22.7,3.8,0.5
37.7,91.0,81.3,13.4,3.6,0.1
37.8,97.0,82.5,15.2,3.0,0.4
35.8,123.0,67.6,7.9,0.8,0.0
37.7,88.0,81.1,21.0,2.5,0.8
35.8,87.0,76.8,9.6,3.8,0.8
37.2,117.0,80.6,22.3,1.3,0.3
37.0,133.0,106.8,1.1,2.0,0.0
36.4,136.0,61.9,22.2,0.9,0.4
37.4,124.0,89.6,25.8,1.4,0.7
37.4,133.0,60.7,25.0,2.9,0.9
37.1,103.0,107.7,2.7,2.9,0.6
37.6,138.0,116.1,19.5,3.7,0.0
36.9,126.0,83.4,20.9,1.5,0.3
36.6,109.0,74.3,0.0,3.5,0.6
37.8,93.0,79.7,21.8,2.3,0.3
36.4,124.0,115.9,8.6,2.0,0.1
36.5,84.0,85.8,8.2,1.0,0.5
37.5,99.0,75.9,8.2,3.7,0.3
36.4,125.0,74.0,17.4,0.1,0.7
37.1,110.0,67.1,23.9,1.3,0.9
36.5,107.0,114.2,7.0,3.2,0.1
36.9,96.0,73.9,6.1,3.3,0.0
37.4,128.0,107.1,25.7,1.1,0.0
37.7,113.0,103.9,23.4,2.3,0.8
37.6,132.0,81.1,11.1,1.0,0.8
37.8,124.0,101.9,16.8,2.4,0.3
37.3,84.0,110.4,9.0,3.9,0.5
35.8,129.0,115.5,24.9,2.7,0.8
36.2,90.0,93.0,23.8,3.9,0.2
36.4,98.0,62.3,16.5,1.6,0.3
36.1,88.0,87.9,9.9,2.0,0.2
36.6,80.0,116.6,19.6,0.3,0.6
37.3,127.0,96.0,4.8,3.3,0.9
37.5,134.0,82.0,4.5,2.7,0.2
37.7,97.0,83.9,21.8,2.6,0.0
37.3,129.0,90.6,10.9,3.5,0.7
37.3,93.0,112.6,21.1,2.1,0.6
36.0,123.0,92.2,6.4,2.5,0.8
36.8,133.0,113.9,6.2,3.7,0.8
37.5,106.0,65.4,18.7,0.0,0.5
35.9,126.0,64.1,5.7,2.6,0.5
35.9,121.0,80.4,21.1,3.8,0.2
36.4,121.0,79.0,15.8,0.3,0.7
37.0,87.0,63.5,0.7,0.5,0.6
37.7,90.0,93.4,13.2,3.6,0.7
37.0,120.0,71.9,15.7,0.7,0.0
37.7,110.0,65.6,22.7,2.4,0.6
37.4,127.0,116.4,19.3,3.9,0.0
37.4,97.0,97.2,16.5,0.4,0.4
37.3,116.0,115.9,15.6,1.5,0.0
36.6,108.0,116.3,23.5,2.1,0.8
35.9,111.0,95.6,21.4,1.6,0.0
37.0,99.0,86.8,17.6,0.2,0.6
36.6,123.0,70.8,10.7,1.4,0.3
37.6,81.0,63.9,5.0,1.7,0.2
36.1,125.0,77.0,23.8,1.1,0.9
37.3,80.0,98.7,21.7,3.3,0.9
36.8,118.0,95.7,15.8,3.9,0.0
37.1,134.0,78.3,25.2,0.0,0.9
35.9,119.0,69.0,22.4,1.6,0.8
37.7,87.0,93.2,4.5,2.6,0.5
36.7,90.0,62.0,23.5,1.3,0.3
36.1,113.0,72.8,25.1,1.2,0.6
37.7,123.0,60.4,7.6,1.8,0.6
37.4,137.0,60.4,8.6,3.6,0.1
35.9,119.0,116.6,8.8,2.3,0.4
36.3,122.0,84.8,4.0,0.2,0.5
37.7,118.0,89.1,22.4,3.6,0.4
37.7,133.0,104.2,5.9,3.5,0.5
37.8,92.0,86.8,24.6,1.0,0.0
36.1,133.0,61.6,11.2,2.3,0.5
36.4,124.0,97.5,25.4,2.4,0.2
35.8,87.0,75.9,12.1,2.3,0.4
37.5,125.0,86.7,2.4,3.4,0.7
36.4,131.0,87.5,0.3,0.0,0.9
36.6,108.0,69.3,6.0,1.3,0.0
37.2,130.0,93.8,18.5,1.0,0.2
37.4,139.0,71.2,5.1,1.9,0.3
37.3,136.0,100.5,25.6,2.7,0.8
37.1,136.0,61.1,25.3,1.6,0.7
36.5,120.0,115.1,23.2,0.2,0.2
36.3,124.0,113.9,7.4,3.7,0.3
37.5,101.0,98.8,22.1,3.9,0.6
37.6,91.0,99.0,21.9,0.3,0.7
37.3,108.0,79.1,23.8,2.4,0.0
35.8,132.0,97.0,12.3,3.5,0.1
36.7,80.0,112.1,24.3,3.4,0.0
37.0,114.0,82.6,23.3,2.0,0.2
36.0,90.0,71.8,13.2,1.9,0.4
36.9,116.0,104.3,11.8,0.7,0.1
37.4,130.0,78.2,14.7,2.3,0.4
36.7,113.0,107.9,12.5,2.9,0.7
37.3,110.0,63.2,12.0,0.9,0.9
37.8,128.0,66.6,15.8,2.3,0.1
37.0,130.0,120.2,23.7,3.8,0.0
37.1,125.0,61.9,8.9,2.0,0.7
37.5,89.0,78.7,16.9,3.6,0.2
36.8,125.0,103.9,16.0,0.6,0.5
37.0,106.0,72.6,13.9,2.2,0.2
36.5,98.0,96.5,22.5,3.4,0.7
36.7,119.0,102.9,25.3,2.6,0.6
36.8,127.0,74.1,14.2,2.1,0.3
36.0,136.0,118.8,20.1,1.4,0.0
37.1,89.0,93.6,23.3,0.9,0.2
37.8,97.0,101.1,20.4,3.0,0.3
36.6,139.0,117.9,10.4,3.7,0.2
37.8,139.0,74.4,11.7,0.4,0.5
37.8,138.0,113.1,6.9,2.5,0.9
37.6,81.0,79.1,19.3,0.8,0.1
37.6,81.0,100.7,16.4,1.7,0.3
37.2,117.0,81.2,18.5,1.4,0.4
37.1,109.0,64.6,25.6,2.7,0.6
36.0,102.0,84.7,11.9,1.9,0.9
37.0,107.0,70.5,2.1,1.0,0.7
36.2,91.0,83.2,14.1,1.2,0.2
36.2,121.0,83.9,5.1,3.7,0.5
36.6,96.0,106.8,2.5,3.3,0.6
36.9,88.0,89.2,19.3,1.2,0.7
37.5,123.0,60.1,5.6,2.3,0.2
37.2,82.0,100.2,3.4,3.7,0.1
35.8,90.0,76.6,12.9,1.5,0.7
36.4,84.0,68.4,18.1,0.7,0.6
36.1,103.0,109.8,21.2,0.2,0.2
36.5,94.0,100.4,24.2,0.7,0.4
37.3,128.0,60.2,7.8,0.0,0.4
36.8,112.0,61.9,2.0,3.4,0.9
36.9,107.0,118.2,7.8,3.1,0.9
36.6,120.0,67.6,24.0,1.0,0.0
36.3,119.0,87.1,22.8,0.9,0.0
36.7,97.0,83.7,14.7,3.9,0.0
36.4,132.0,97.2,17.5,2.2,0.4
36.8,121.0,89.2,0.3,1.8,0.3
36.7,89.0,75.8,7.7,3.2,0.3
35.9,88.0,103.9,22.2,3.0,0.6
36.4,115.0,98.8,24.8,2.9,0.6
35.9,105.0,65.1,0.7,2.7,0.1
36.9,127.0,86.0,13.6,3.4,0.5
37.4,93.0,101.6,25.4,2.2,0.4
37.6,84.0,67.4,23.5,0.1,0.4
36.7,81.0,98.5,2.8,3.0,0.4
37.7,129.0,67.6,6.3,3.8,0.8
36.7,93.0,89.1,19.6,2.7,0.6
37.8,89.0,119.9,5.7,3.9,0.6
37.8,135.0,82.8,6.7,3.7,0.8
35.9,127.0,63.3,22.4,1.6,0.0
37.1,81.0,119.8,19.8,0.5,0.7
36.1,126.0,116.0,16.8,0.7,0.5
35.9,129.0,93.0,24.8,2.0,0.0
36.9,111.0,86.1,3.9,0.7,0.3
36.9,127.0,101.1,16.5,0.1,0.5
36.6,109.0,83.1,10.3,3.7,0.6
37.2,107.0,87.7,22.1,3.6,0.7
37.6,100.0,98.5,2.8,3.5,0.2
35.8,83.0,101.8,15.4,2.8,0.8
37.0,104.0,99.6,18.4,1.8,0.4
36.4,93.0,114.4,20.1,3.5,0.4
37.0,130.0,77.5,1.4,3.7,0.3
36.7,85.0,66.5,14.6,3.0,0.8
35.8,127.0,80.2,4.0,0.1,0.3
35.8,96.0,62.8,3.7,2.1,0.3
36.2,103.0,116.2,14.6,3.8,0.6
36.5,108.0,79.3,1.3,2.8,0.8
36.2,123.0,80.7,16.1,2.3,0.9
36.6,129.0,102.9,16.1,0.0,0.3
37.4,114.0,70.0,18.8,1.4,0.1
36.6,105.0,68.3,7.7,0.1,0.5
36.7,103.0,108.5,20.4,3.0,0.3
37.6,130.0,76.8,21.5,1.4,0.3
35.9,106.0,106.0,25.5,2.4,0.7
37.5,130.0,85.1,18.9,3.6,0.1
37.2,101.0,61.9,6.7,2.4,0.3
37.3,92.0,64.6,15.3,1.1,0.3
37.0,109.0,72.5,3.5,2.1,0.4
37.7,124.0,84.4,13.9,2.6,0.5
37.0,134.0,96.4,12.2,3.3,0.6
37.5,132.0,83.6,6.5,0.9,0.9
36.0,118.0,65.7,17.0,3.9,0.6
36.9,136.0,60.0,0.0,0.0,0.0
36.0,105.0,102.1,18.6,1.0,0.4
37.6,114.0,72.1,11.6,2.3,0.5
37.5,134.0,103.8,23.0,1.0,0.8
36.9,135.0,77.3,20.5,1.2,0.1
36.9,87.0,109.8,2.2,3.8,0.8
35.9,117.0,109.3,21.0,1.7,0.9
37.8,133.0,65.7,4.3,1.8,0.1
36.6,117.0,66.3,19.4,2.8,0.3
37.6,136.0,78.1,15.7,1.0,0.6
36.8,91.0,75.8,3.8,3.8,0.6
36.1,132.0,107.7,25.7,0.7,0.3
36.8,97.0,111.2,17.0,1.9,0.8
35.8,91.0,63.2,18.7,2.3,0.3
37.4,104.0,79.6,0.2,0.5,0.5
37.4,124.0,60.6,8.8,3.9,0.6
36.1,119.0,73.7,2.6,2.8,0.1
37.8,123.0,77.0,0.3,2.0,0.8
35.9,111.0,83.5,11.6,2.7,0.9
37.5,121.0,107.9,7.2,3.5,0.9
36.4,93.0,89.3,19.6,2.9,0.5
37.8,105.0,117.0,25.6,2.5,0.0
37.2,120.0,98.4,10.2,1.5,0.1
36.6,98.0,91.1,17.9,0.5,0.7
37.4,127.0,84.2,23.7,0.7,0.6
36.1,91.0,113.4,1.7,3.9,0.2
36.0,106.0,67.4,24.0,2.1,0.6
36.5,97.0,78.9,22.9,1.7,0.9
35.8,102.0,78.8,12.8,0.1,0.3
36.2,112.0,67.1,16.9,3.6,0.1
36.9,106.0,89.2,2.2,3.3,0.7
36.7,88.0,83.8,14.7,0.4,0.1
36.2,91.0,92.1,14.7,1.3,0.1
37.3,96.0,63.9,14.9,3.9,0.2
35.8,113.0,62.7,14.4,0.1,0.7
37.6,139.0,120.5,22.9,3.6,0.3
36.1,112.0,79.0,17.4,2.5,0.5
35.8,116.0,71.6,24.8,1.9,0.0
37.2,134.0,66.0,6.9,3.4,0.6
37.5,135.0,60.4,17.6,3.6,0.8
36.0,102.0,118.5,6.3,3.6,0.9
37.5,110.0,71.4,18.4,0.0,0.9
37.1,123.0,62.2,10.1,3.9,0.3
37.7,101.0,82.5,1.7,3.6,0.4
36.4,93.0,75.5,3.8,1.1,0.0
36.9,137.0,77.9,8.1,0.4,0.7
36.0,138.0,77.0,8.9,2.6,0.8
36.3,93.0,87.7,23.3,0.2,0.1
37.1,99.0,84.4,21.9,1.5,0.6
37.7,83.0,74.1,9.1,3.4,0.4
37.3,132.0,102.1,18.0,0.8,0.8
36.1,105.0,91.2,8.1,3.8,0.4
36.9,139.0,84.2,9.9,2.7,0.2
37.8,125.0,86.3,18.3,0.7,0.6
37.7,91.0,96.2,24.9,0.3,0.9
36.1,105.0,68.1,12.3,1.2,0.3
36.3,101.0,113.0,19.5,0.4,0.1
36.3,119.0,102.0,12.3,3.1,0.1
36.7,105.0,60.3,12.6,0.4,0.0
35.9,116.0,63.2,21.1,1.3,0.1
37.6,85.0,110.2,15.2,1.5,0.9
37.3,122.0,77.4,13.9,3.3,0.0
37.0,97.0,94.5,20.3,3.4,0.1
37.0,138.0,105.6,3.2,3.8,0.7
36.1,123.0,78.4,12.8,2.6,0.3
37.7,91.0,81.1,9.6,1.0,0.9
37.8,91.0,96.3,8.5,2.7,0.6
37.1,102.0,100.3,11.7,2.8,0.0
36.6,105.0,90.0,4.9,2.3,0.1
36.9,84.0,70.0,24.0,2.7,0.6
35.9,123.0,70.2,3.7,1.8,0.0
36.9,105.0,82.5,9.0,1.6,0.7
36.0,139.0,113.3,15.8,2.1,0.1
36.0,140.0,112.8,22.4,2.5,0.1
37.5,135.0,88.7,3.1,0.1,0.1
37.1,138.0,73.7,9.7,0.2,0.4
37.2,82.0,84.4,25.5,1.1,0.8
36.7,103.0,85.0,19.1,1.8,0.6
36.1,133.0,77.0,2.7,3.3,0.7
36.1,139.0,108.8,24.5,0.6,0.9
37.2,96.0,91.2,22.0,3.7,0.6
36.0,100.0,63.5,17.5,2.1,0.0
36.6,86.0,104.4,24.6,1.9,0.6
37.1,112.0,108.1,15.6,1.4,0.8
36.4,100.0,76.6,9.4,1.7,0.1
37.1,132.0,100.7,18.6,0.4,0.1
36.2,100.0,81.9,20.2,2.3,0.2
36.4,132.0,68.5,24.8,2.3,0.3
36.8,126.0,106.9,13.0,3.9,0.9
36.5,133.0,102.0,7.8,1.9,0.1
36.3,126.0,101.6,15.9,0.4,0.7
37.0,135.0,81.2,23.9,0.3,0.7
37.0,122.0,83.5,20.0,1.2,0.7
37.4,102.0,106.2,22.5,1.9,0.6
37.3,99.0,85.5,0.7,2.6,0.2
37.1,113.0,102.8,22.7,2.3,0.2
36.0,91.0,88.4,3.0,2.6,0.8
37.7,130.0,68.5,21.2,3.0,0.1
36.0,116.0,101.5,19.9,3.8,0.5
36.2,117.0,81.1,6.5,1.3,0.8
36.0,92.0,116.6,18.5,1.3,0.4
36.1,127.0,105.4,9.5,2.6,0.3
37.0,116.0,74.6,5.9,3.3,0.2
36.6,126.0,116.2,13.7,3.6,0.8
37.8,88.0,85.0,16.2,0.1,0.8
36.0,122.0,89.3,2.0,1.5,0.5
37.0,137.0,115.0,18.5,2.8,0.6
37.8,82.0,90.5,12.6,3.8,0.7
36.5,97.0,113.6,24.2,3.9,0.2
36.9,128.0,117.3,19.7,3.8,0.0
36.2,91.0,67.8,15.1,2.8,0.4
36.1,96.0,74.5,6.0,2.9,0.8
36.6,139.0,78.9,7.8,0.4,0.6
37.3,114.0,110.5,7.3,1.9,0.1
35.8,138.0,87.2,23.4,1.3,0.5
37.4,93.0,91.4,9.1,3.6,0.9
36.5,89.0,91.5,21.4,2.1,0.4
36.8,97.0,82.2,13.7,0.1,0.4
36.2,85.0,88.3,17.3,2.7,0.2
37.8,127.0,61.6,6.7,1.9,0.7
36.8,123.0,86.3,12.9,1.2,0.5
35.9,131.0,89.0,4.8,2.0,0.4
37.5,117.0,79.6,11.1,3.2,0.6
36.9,133.0,64.3,21.3,0.9,0.6
36.7,124.0,116.0,17.3,2.5,0.9
36.0,91.0,92.5,6.3,1.9,0.1
36.3,110.0,61.8,15.2,1.1,0.5
36.3,126.0,98.4,10.8,3.0,0.9
35.8,94.0,114.0,11.0,2.6,0.9
37.7,111.0,88.7,6.5,2.5,0.8
37.2,100.0,91.3,16.5,2.2,0.2
37.4,139.0,99.8,25.2,2.3,0.0
36.1,116.0,64.9,16.8,3.8,0.6
35.9,117.0,66.1,15.2,1.0,0.3
36.3,95.0,82.1,1.9,1.8,0.5
37.7,129.0,67.9,7.2,0.0,0.1
36.7,130.0,76.8,8.2,0.2,0.8
37.5,136.0,106.3,4.4,3.3,0.8
36.9,100.0,87.3,13.4,2.5,0.5
36.5,84.0,67.7,3.9,3.6,0.2
37.5,81.0,71.4,7.0,2.1,0.5
36.7,139.0,114.5,23.3,1.7,0.9
37.2,133.0,102.6,18.5,2.0,0.8
36.7,106.0,97.3,1.8,2.6,0.3
37.4,86.0,86.3,16.5,3.9,0.2
37.7,136.0,65.9,23.2,3.9,0.9
36.6,131.0,72.2,13.7,3.2,0.5
36.6,110.0,76.0,25.1,2.6,0.3
37.2,95.0,74.8,22.6,2.8,0.2
36.1,109.0,98.0,20.2,0.2,0.3
36.7,81.0,103.5,17.1,3.7,0.2
35.9,83.0,64.8,10.4,2.6,0.9
37.0,133.0,61.3,8.1,1.4,0.9
35.8,101.0,102.1,21.1,2.3,0.5
37.8,109.0,80.1,22.2,1.1,0.1
36.7,119.0,104.2,18.1,0.1,0.3
37.5,114.0,94.9,25.6,0.3,0.4
36.7,113.0,77.0,25.5,1.2,0.5
36.5,127.0,95.5,24.8,0.1,0.3
36.5,136.0,119.3,22.3,1.2,0.3
37.6,115.0,77.7,9.6,0.9,0.9
36.3,97.0,82.2,0.2,3.8,0.0
37.1,93.0,77.7,13.3,0.7,0.2
36.6,92.0,61.6,12.6,1.2,0.6
37.5,99.0,93.6,21.1,1.6,0.1
36.3,80.0,96.6,19.7,2.4,0.1
36.5,133.0,87.8,12.6,3.8,0.9
37.4,132.0,67.8,23.7,3.0,0.2
37.7,118.0,74.1,12.1,2.7,0.3
36.0,124.0,61.3,7.3,1.6,0.7
35.8,92.0,84.5,15.8,1.6,0.8
36.7,90.0,119.0,9.8,3.4,0.0
37.4,92.0,86.9,7.6,2.3,0.5
36.1,122.0,108.6,21.9,1.0,0.7
37.1,135.0,67.7,11.7,1.7,0.1
36.6,138.0,118.9,16.2,0.5,0.0
37.0,92.0,79.6,25.5,0.6,0.0
36.5,80.0,85.5,21.2,1.3,0.6
37.6,104.0,83.0,17.0,0.8,0.1
36.1,123.0,64.1,6.8,2.5,0.1
37.3,91.0,70.0,6.3,0.7,0.7
35.8,102.0,112.1,21.4,3.1,0.6
37.8,127.0,72.5,4.5,0.2,0.8
37.7,102.0,87.9,16.4,1.9,0.9
37.8,124.0,80.5,18.1,1.0,0.4
36.5,96.0,113.4,20.0,0.2,0.7
37.1,84.0,83.1,1.9,0.3,0.9
36.9,105.0,105.5,25.1,1.8,0.4
36.7,96.0,93.4,17.8,3.4,0.7
36.8,98.0,97.9,12.2,3.9,0.6
36.2,96.0,105.8,1.3,2.0,0.1
35.9,114.0,103.5,3.9,1.9,0.4
36.6,90.0,76.9,16.6,3.7,0.3
37.3,137.0,96.7,15.7,1.8,0.4
37.7,82.0,77.9,15.4,2.2,0.1
37.5,139.0,97.7,7.9,3.6,0.1
37.8,124.0,78.0,14.0,1.6,0.1
37.0,116.0,99.1,13.0,2.6,0.1
37.3,85.0,73.8,4.5,2.5,0.6
37.3,92.0,105.7,12.8,3.0,0.6
36.6,119.0,92.9,5.2,3.2,0.1
35.8,126.0,112.5,4.0,1.7,0.3
36.1,127.0,71.8,12.1,1.3,0.2
36.4,130.0,71.7,0.2,2.0,0.0
37.3,80.0,81.7,5.1,2.0,0.7
37.0,120.0,66.5,17.5,0.3,0.0
36.8,134.0,86.9,15.4,0.6,0.7
36.6,136.0,72.2,1.6,3.9,0.5
37.7,83.0,110.5,17.4,2.2,0.5
37.3,132.0,106.5,14.8,3.8,0.8
36.8,135.0,110.8,19.5,2.5,0.0
36.7,95.0,87.4,10.9,3.7,0.6
36.8,96.0,75.3,4.5,0.8,0.5
36.9,89.0,88.9,15.5,1.9,0.1
36.0,140.0,64.2,9.9,0.6,0.8
36.6,93.0,108.3,24.8,1.3,0.9
35.8,136.0,70.2,1.5,2.3,0.1
36.8,84.0,86.0,4.0,0.6,0.7
37.5,87.0,86.9,17.9,1.2,0.3
37.4,113.0,103.9,10.9,3.2,0.1
36.2,94.0,70.1,11.7,2.3,0.4
36.2,102.0,66.2,10.7,2.4,0.0
37.5,113.0,95.7,19.9,3.2,0.0
36.3,127.0,63.6,21.7,3.9,0.6
36.5,139.0,99.6,18.3,3.7,0.6
36.8,115.0,95.5,15.6,2.8,0.6
36.3,137.0,74.8,14.0,2.9,0.2
35.9,83.0,77.1,2.1,2.5,0.9
36.9,92.0,105.6,10.1,3.4,0.9
36.2,134.0,69.6,11.3,0.9,0.3
37.6,112.0,105.4,24.5,1.1,0.3
37.2,122.0,98.5,25.1,0.0,0.1
37.1,130.0,104.8,24.2,2.5,0.0
37.3,131.0,106.3,13.9,2.6,0.5
37.5,125.0,86.3,4.1,0.6,0.2
37.0,108.0,84.6,1.0,2.0,0.3
37.5,109.0,74.5,9.7,0.4,0.9
36.3,101.0,76.7,2.1,0.4,0.3
37.3,132.0,81.9,18.8,1.2,0.6
36.3,80.0,78.8,11.0,2.7,0.2
36.7,126.0,79.4,22.3,0.6,0.6
37.0,100.0,106.1,14.7,0.6,0.1
37.0,95.0,65.7,7.0,1.1,0.8
36.4,94.0,88.8,2.6,2.9,0.3
36.1,100.0,104.9,9.1,3.7,0.7
36.6,101.0,120.6,13.0,2.5,0.2
36.8,92.0,88.3,1.6,0.3,0.1
37.1,102.0,110.8,12.7,3.9,0.8
35.9,121.0,64.1,20.5,1.5,0.5
36.2,117.0,106.4,6.3,2.9,0.1
36.8,93.0,106.3,16.0,1.2,0.3
37.1,130.0,68.5,6.7,1.6,0.9
36.7,120.0,61.7,14.9,3.1,0.7
37.2,124.0,61.4,2.4,1.7,0.6
36.0,84.0,60.3,1.1,1.7,0.9
37.4,102.0,67.7,23.7,2.5,0.5
36.1,104.0,82.1,5.7,2.8,0.6
37.3,125.0,65.9,17.5,1.6,0.3
37.3,92.0,86.6,13.9,0.0,0.8
36.1,85.0,74.1,13.8,3.6,0.9
37.4,102.0,114.2,2.6,3.6,0.8
36.3,117.0,60.2,25.9,0.0,0.9
35.8,110.0,61.1,16.6,1.1,0.5
36.3,87.0,119.8,24.6,0.7,0.7
35.9,132.0,67.5,24.0,2.7,0.5
36.9,89.0,60.2,22.7,3.2,0.6
35.9,118.0,78.1,8.1,2.7,0.5
36.7,109.0,77.9,18.2,3.5,0.6
36.8,117.0,83.1,5.3,3.7,0.2
35.9,99.0,94.6,12.2,1.2,0.2
37.1,114.0,103.8,19.3,0.3,0.6
36.2,127.0,70.8,16.9,1.5,0.3
36.9,96.0,61.8,15.1,1.5,0.2
35.9,122.0,114.5,2.4,1.7,0.0
36.2,94.0,74.4,7.4,1.2,0.1
36.2,139.0,76.6,15.1,1.8,0.1
37.0,123.0,78.8,15.4,1.9,0.2
36.6,113.0,119.9,21.0,2.5,0.6
37.6,138.0,102.7,17.1,2.4,0.4
36.2,98.0,66.2,10.5,1.5,0.3
36.1,139.0,116.5,14.4,3.6,0.1
37.8,123.0,82.1,3.7,2.2,0.9
36.1,100.0,85.1,8.2,2.0,0.7
37.3,119.0,83.4,25.3,0.3,0.7
35.8,100.0,62.7,24.2,3.8,0.6
37.5,140.0,83.6,6.4,3.7,0.5
37.2,110.0,76.3,24.5,1.0,0.5
37.7,112.0,117.7,2.8,2.8,0.0
35.9,135.0,100.8,15.5,1.3,0.2
36.9,85.0,60.9,25.3,2.5,0.1
37.5,98.0,88.0,10.7,0.1,0.9
37.1,88.0,71.9,20.5,0.1,0.4
37.3,114.0,89.3,5.7,3.1,0.2
37.6,110.0,107.7,5.2,3.7,0.5
37.6,86.0,114.2,19.9,2.7,0.2
35.9,97.0,76.1,4.7,1.6,0.7
37.7,83.0,73.8,4.3,2.0,0.9
37.1,101.0,78.3,5.5,1.7,0.1
37.6,128.0,96.3,15.3,2.5,0.3
37.6,133.0,88.4,9.4,0.4,0.7
37.8,119.0,69.7,6.7,0.8,0.1
36.0,110.0,114.9,17.1,3.5,0.6
37.8,140.0,69.9,7.4,1.7,0.9
36.2,97.0,87.9,8.3,3.7,0.2
37.5,114.0,60.9,13.6,2.9,0.7
36.8,90.0,64.1,7.8,2.4,0.5
36.7,121.0,112.2,10.3,2.8,0.7
37.3,136.0,66.9,12.7,3.1,0.2
37.0,104.0,120.7,25.0,0.7,0.8
36.9,117.0,71.3,18.9,1.5,0.1
36.6,110.0,116.5,24.5,3.1,0.1
36.2,126.0,108.2,25.3,3.7,0.7
36.3,134.0,116.8,24.3,3.4,0.5
37.3,135.0,71.3,11.1,0.4,0.5
37.4,124.0,81.3,16.7,0.4,0.0
37.0,138.0,72.3,25.5,3.4,0.9
36.4,136.0,97.3,15.2,0.5,0.7
35.9,117.0,77.5,21.5,1.0,0.0
36.7,113.0,67.0,7.3,0.5,0.6
35.9,129.0,79.6,24.7,2.8,0.0
37.1,140.0,66.3,1.5,3.9,0.4
35.9,111.0,79.0,21.0,1.7,0.3
36.6,132.0,110.6,4.7,3.7,0.6
36.1,119.0,68.0,24.1,0.5,0.7
37.6,109.0,62.1,9.2,2.8,0.2
36.9,91.0,110.1,24.0,0.5,0.3
37.7,113.0,70.3,5.5,2.2,0.6
36.9,104.0,107.8,6.3,3.5,0.1
37.7,85.0,117.4,16.9,0.9,0.2
37.6,102.0,102.2,18.7,0.1,0.5
36.9,133.0,110.9,12.9,3.7,0.5
36.0,111.0,113.1,1.1,3.8,0.7
36.5,105.0,80.3,14.8,3.8,0.0
37.4,132.0,85.8,20.1,3.4,0.1
37.2,86.0,101.7,16.3,2.0,0.6
37.1,128.0,89.0,23.1,1.5,0.6
37.7,128.0,81.2,25.5,2.9,0.2
37.8,88.0,85.7,13.2,2.9,0.8
36.1,90.0,80.1,2.7,3.5,0.5
37.3,88.0,72.1,6.3,2.8,0.6
36.6,114.0,115.3,5.9,3.3,0.9
37.5,138.0,108.8,18.7,3.6,0.9
37.7,88.0,102.2,23.5,2.1,0.5
37.7,118.0,117.4,14.4,3.1,0.1
36.3,124.0,60.9,22.2,2.7,0.4
36.5,85.0,86.4,17.6,2.1,0.2
35.8,82.0,79.0,4.0,1.1,0.4
36.2,132.0,115.4,15.3,3.5,0.5
37.1,131.0,61.6,21.5,1.3,0.8
37.4,108.0,72.5,9.7,2.4,0.7
36.9,108.0,113.8,21.1,2.9,0.0
36.4,126.0,80.0,24.6,2.7,0.5
36.1,80.0,66.3,0.0,2.5,0.1
36.9,134.0,79.6,5.3,0.7,0.6
36.3,101.0,96.8,15.6,1.1,0.4
35.8,125.0,63.1,10.3,0.4,0.2
36.0,110.0,113.8,4.3,2.5,0.0
37.0,92.0,105.1,21.4,2.3,0.6
37.3,84.0,82.1,10.4,2.1,0.8
37.6,107.0,68.0,15.0,2.1,0.9
36.6,90.0,66.7,8.4,3.6,0.0
36.3,101.0,66.7,9.9,0.6,0.3
36.7,104.0,77.8,1.6,0.1,0.4
37.7,92.0,110.9,21.4,1.4,0.4
35.8,127.0,81.0,17.8,3.8,0.9
37.4,100.0,66.1,4.8,2.3,0.9
36.5,88.0,111.8,17.7,0.3,0.1
37.8,130.0,79.0,25.2,2.7,0.5
37.5,119.0,93.7,20.2,2.0,0.4
37.5,125.0,81.5,20.8,1.8,0.5
36.9,107.0,118.3,17.8,0.9,0.6
36.7,107.0,67.4,10.5,2.5,0.2
36.0,114.0,116.8,25.0,0.9,0.2
36.8,98.0,112.8,25.4,3.7,0.2
35.8,105.0,84.3,19.8,3.0,0.1
36.5,131.0,62.9,12.5,0.2,0.8
35.8,87.0,71.8,12.6,0.5,0.9
36.8,99.0,60.6,14.2,0.8,0.0
35.9,82.0,83.9,7.7,2.0,0.5
36.4,109.0,71.9,11.7,0.6,0.5
35.8,99.0,115.2,3.2,2.8,0.4
37.2,128.0,70.1,10.2,1.3,0.3
37.0,105.0,67.0,20.0,1.3,0.2
36.9,114.0,113.0,14.1,3.4,0.6
36.9,140.0,85.3,14.9,2.3,0.1
37.0,122.0,85.8,20.6,3.4,0.4
37.2,136.0,74.2,25.0,2.0,0.9
36.5,128.0,102.1,22.0,0.7,0.8
36.7,90.0,78.4,23.3,3.1,0.3
36.2,113.0,115.0,6.3,3.2,0.6
36.2,91.0,108.2,21.8,1.3,0.0
36.7,104.0,109.7,25.2,2.4,0.1
37.4,114.0,112.3,8.0,2.9,0.5
36.7,104.0,60.8,21.3,0.6,0.0
36.2,124.0,85.1,9.2,2.7,0.5
37.5,93.0,61.6,23.0,1.0,0.3
37.4,94.0,119.2,19.8,0.6,0.0
36.0,87.0,108.0,14.7,3.1,0.9
37.0,98.0,75.1,9.9,2.5,0.6
36.6,130.0,111.9,10.4,2.1,0.1
36.9,103.0,90.2,3.2,3.9,0.7
37.5,138.0,66.5,18.5,3.9,0.6
37.8,120.0,66.2,5.3,2.0,0.9
37.1,93.0,60.6,10.4,3.1,0.5
36.3,82.0,78.3,15.0,1.8,0.6
37.0,137.0,62.6,3.8,3.0,0.0
36.4,99.0,61.8,12.0,0.2,0.4
36.5,80.0,70.3,14.4,2.8,0.6
36.2,139.0,93.6,1.8,3.5,0.4
37.1,94.0,91.8,4.2,3.8,0.7
36.5,119.0,80.3,17.0,0.8,0.3
37.5,103.0,66.7,9.4,1.6,0.2
36.1,115.0,73.9,12.9,3.9,0.2
35.9,140.0,70.6,22.8,0.4,0.6
37.1,105.0,106.2,15.8,3.1,0.6
37.7,97.0,62.5,23.2,2.9,0.9
37.2,83.0,85.4,11.7,1.0,0.1
37.6,140.0,111.6,15.7,1.5,0.2
36.6,102.0,87.6,23.0,2.6,0.0
36.3,88.0,118.4,23.0,1.5,0.9
37.5,88.0,120.3,18.5,2.3,0.0
37.5,109.0,69.8,6.8,0.7,0.4
36.7,80.0,96.2,4.4,3.6,0.8
37.3,92.0,112.4,2.9,3.0,0.4
36.3,98.0,117.2,1.7,3.1,0.0
37.2,102.0,75.6,0.7,3.1,0.4
36.8,86.0,82.9,14.1,0.4,0.9
37.5,102.0,66.0,11.2,2.8,0.1
36.4,85.0,114.3,18.8,0.3,0.5
36.1,103.0,81.2,25.0,3.9,0.0
36.0,110.0,93.4,6.0,2.0,0.6
36.7,80.0,84.9,4.0,3.1,0.2
36.9,138.0,99.7,8.0,3.8,0.3
37.8,87.0,90.4,13.2,2.9,0.8
37.7,92.0,65.6,0.3,1.1,0.5
36.2,87.0,98.2,20.4,0.9,0.3
36.3,89.0,63.1,10.6,0.1,0.9
37.5,114.0,79.9,15.2,1.2,0.5
35.9,135.0,83.4,16.5,3.5,0.1
36.1,93.0,69.5,6.7,3.3,0.5
35.9,99.0,77.1,22.4,2.4,0.2
36.1,114.0,117.9,12.2,3.6,0.9
37.3,103.0,76.2,12.5,3.5,0.9
36.1,94.0,109.9,8.2,2.6,0.3
36.1,115.0,99.0,24.7,2.5,0.2
37.5,139.0,103.8,4.6,2.4,0.1
35.9,135.0,102.8,15.4,2.3,0.8
37.8,112.0,64.1,3.2,1.4,0.4
35.9,97.0,95.2,11.5,3.1,0.4
36.0,85.0,73.7,13.3,2.3,0.7
37.6,85.0,73.1,6.9,0.1,0.9
36.5,121.0,92.2,7.6,1.5,0.0
36.0,138.0,85.6,16.2,1.8,0.7
36.1,119.0,118.9,17.5,1.8,0.9
35.9,83.0,65.2,21.1,0.8,0.8
35.8,139.0,90.3,25.8,3.9,0.6
37.6,90.0,79.3,7.1,2.0,0.0
37.8,118.0,88.6,14.8,2.1,0.0
36.8,86.0,95.7,9.1,2.8,0.4
37.5,90.0,94.4,11.6,2.8,0.8
36.5,130.0,114.7,23.8,0.1,0.8
36.1,127.0,74.6,9.4,1.4,0.6
37.5,102.0,90.5,15.4,0.1,0.4
36.6,104.0,88.2,7.7,2.3,0.0
35.9,91.0,65.7,15.0,3.0,0.6
36.7,101.0,78.9,13.5,3.6,0.2
37.1,94.0,70.7,2.9,2.2,0.9
36.3,92.0,64.7,8.1,0.7,0.1
37.3,98.0,98.6,22.2,2.8,0.4
35.9,86.0,78.4,20.9,2.3,0.6
36.8,125.0,79.2,18.3,3.3,0.9
36.0,90.0,96.7,7.6,3.2,0.4
35.8,89.0,104.1,9.2,2.8,0.9
36.4,89.0,78.2,15.3,0.0,0.1
36.2,121.0,80.4,19.4,0.7,0.1
36.9,93.0,88.2,18.9,0.1,0.7
36.8,110.0,80.3,14.7,3.9,0.5
36.8,122.0,105.8,15.4,3.9,0.4
36.8,94.0,61.8,17.6,0.1,0.8
35.8,87.0,102.3,0.8,3.2,0.1
36.0,100.0,69.9,17.3,2.0,0.0
37.8,87.0,117.4,15.6,0.7,0.5
37.4,119.0,95.4,16.3,0.4,0.5
36.0,119.0,92.0,19.1,2.9,0.0
36.9,134.0,101.7,15.3,1.8,0.9
36.4,120.0,108.2,16.8,3.6,0.1
36.2,105.0,104.7,7.6,2.7,0.7
